case,target_farm,full_native_mae_pp,benchmark_downstream_mae_pp,observed_native_cells,benchmark_best_comparator_mae_pp,benchmark_top_down_best,observed_area_km2,observed_farms,observed_farm_names,wind_from_deg
split_014_rank_003_seg_03_20240422.183015_20240422.192659,Armadillo Flats,4.711842436060829,6.17841654289502,34297,4.159920589347673,False,342.9700000000001,4,Armadillo Flats;Breckinridge;King Plains;unknown Garfield County,193.18686020737232
split_551_rank_099_seg_04_20230911.223957_20230911.233256,King Plains,6.052053976512624,5.015973734582841,39932,7.372179930848849,True,399.32000000000005,4,Armadillo Flats;Breckinridge;King Plains;unknown Garfield County,64.56665965582711
split_027_rank_005_seg_03_20230720.173405_20230720.183136,King Plains,7.192708659895013,8.106191494041715,33992,8.358868794691952,True,339.9200000000001,4,Armadillo Flats;Breckinridge;King Plains;unknown Garfield County,41.70593081982652
split_382_rank_068_seg_01_20240418.022758_20240418.032212,Armadillo Flats,7.996370214058157,5.243002244980458,33296,5.22212499066873,False,332.96000000000004,4,Armadillo Flats;Breckinridge;King Plains;unknown Garfield County,157.79277688571756
split_369_rank_064_seg_03_20240331.190032_20240331.195911,Armadillo Flats,8.120206341138518,12.850664254990482,33877,9.634873004243753,False,338.77000000000004,4,Armadillo Flats;Breckinridge;King Plains;unknown Garfield County,188.21566071457136
split_169_rank_030_seg_04_20240412.184732_20240412.193748,Armadillo Flats,8.178764208658626,6.972994298327039,38062,6.628909726998146,False,380.62000000000006,4,Armadillo Flats;Breckinridge;King Plains;unknown Garfield County,162.97839330930154
split_493_rank_090_seg_06_20240410.221655_20240410.230909,King Plains,9.83212470668159,10.839929831364651,32046,11.79205341275818,True,320.46000000000004,4,Armadillo Flats;Breckinridge;King Plains;unknown Garfield County,71.38972991079355
split_430_rank_078_seg_03_20231022.171441_20231022.180829,Armadillo Flats,10.566866160554575,5.197539226069797,36629,5.2021611094830105,True,366.2900000000001,4,Armadillo Flats;Breckinridge;King Plains;unknown Garfield County,139.13055325725085
split_140_rank_026_seg_03_20230704.180235_20230704.185631,Armadillo Flats,10.576681807000002,9.19940681545496,33990,8.788607936242125,False,339.9000000000001,4,Armadillo Flats;Breckinridge;King Plains;unknown Garfield County,168.6740464746041
split_505_rank_093_seg_01_20231105.194017_20231105.203801,Armadillo Flats,10.799826206455155,6.41683067727889,36465,7.243493602718773,True,364.6500000000001,4,Armadillo Flats;Breckinridge;King Plains;unknown Garfield County,186.5793604542836
split_418_rank_075_seg_01_20230718.033112_20230718.042307,Armadillo Flats,11.256557249114314,5.458313026217847,30703,6.438347298749808,True,307.0300000000001,4,Armadillo Flats;Breckinridge;King Plains;unknown Garfield County,174.6035804639843
split_128_rank_024_seg_08_20230617.223812_20230617.233723,Armadillo Flats,12.024683808599313,8.649547076592848,33616,9.00326953054745,True,336.1600000000001,4,Armadillo Flats;Breckinridge;King Plains;unknown Garfield County,156.7267784832349
split_480_rank_088_seg_05_20231104.200927_20231104.210857,King Plains,12.523210154072112,8.925756665672779,38549,8.634000262024754,False,385.49000000000007,4,Armadillo Flats;Breckinridge;King Plains;unknown Garfield County,50.5447296843291
split_530_rank_095_seg_04_20230716.174052_20230716.183513,Armadillo Flats,13.002172003895417,12.098166374127484,32723,10.892285440380748,False,327.2300000000001,4,Armadillo Flats;Breckinridge;King Plains;unknown Garfield County,200.20485092352743
split_323_rank_055_seg_04_20240502.042423_20240502.052200,Armadillo Flats,14.881196634109047,7.30769445139934,32533,6.311398907110729,False,325.33000000000004,4,Armadillo Flats;Breckinridge;King Plains;unknown Garfield County,152.21436707021167
split_314_rank_054_seg_01_20230717.025459_20230717.034635,Armadillo Flats,15.120028620309506,7.710189915324626,34868,8.569022925180558,True,348.68000000000006,4,Armadillo Flats;Breckinridge;King Plains;unknown Garfield County,180.44962998473412
split_238_rank_041_seg_02_20230630.044152_20230630.053915,Armadillo Flats,16.51560702619646,18.010584638746526,31520,11.973443989438278,False,315.20000000000005,4,Armadillo Flats;Breckinridge;King Plains;unknown Garfield County,158.30288372345768
split_288_rank_049_seg_07_20230624.085845_20230624.095652,Armadillo Flats,16.713368786658876,6.433697452984352,29332,5.783251284055529,False,293.32000000000005,4,Armadillo Flats;Breckinridge;King Plains;unknown Garfield County,150.08336994689887
