grid_m,model,seconds,native_points,display_points,thrust_area_target_m2,thrust_area_grid_m2,hub_ratio_min,hub_ratio_max,solver_step_m,asm_ct_iterations,asm_ct_residual,asm_step_m,asm_nx,asm_ny,asm_representative_diameter_m,asm_roughness_m
100,top_down,0.05724359999294393,46431,63002,2012493.3265946214,2012493.3265946207,0.6969379365271495,1.0025858940085302,250.0,,,,,,,
100,td_offshore_transfer,0.0868596000073012,46431,63002,2012493.3265946214,2012493.3265946207,0.8448389352612141,1.005144870724362,250.0,,,,,,,
100,array_stability,13.007072599997628,46431,63002,,,,,,10.0,5.750601843457215e-05,250.0,200.0,184.0,110.0,0.03
100,gaussian,1.0954878000047756,46431,63002,,,,,,,,,,,,
100,turbopark,9.404212000008556,46431,63002,,,,,,,,,,,,
25,top_down,0.14474239999253768,737721,1001957,2012493.3265946214,2012493.3265946207,0.6950757427646426,1.0033398137660063,250.0,,,,,,,
25,td_offshore_transfer,0.140587100002449,737721,1001957,2012493.3265946214,2012493.3265946207,0.8439123447801978,1.0051533405198134,250.0,,,,,,,
25,array_stability,143.88953440000478,737721,1001957,,,,,,10.0,5.750601843457215e-05,250.0,200.0,184.0,110.0,0.03
25,gaussian,14.814706999997725,737721,1001957,,,,,,,,,,,,
25,turbopark,139.8549253999954,737721,1001957,,,,,,,,,,,,
