case,model,repeat,wall_seconds,cpu_seconds,native_points,turbines
split_014_rank_003_seg_03_20240422.183015_20240422.192659,td_offshore_transfer,1,0.06695599999511614,0.0625,46431,272
split_014_rank_003_seg_03_20240422.183015_20240422.192659,top_down,1,0.06706110000959598,0.078125,46431,272
split_014_rank_003_seg_03_20240422.183015_20240422.192659,turbopark,1,9.348250699986238,9.296875,46431,272
split_014_rank_003_seg_03_20240422.183015_20240422.192659,gaussian,1,1.0784171000123024,1.0625,46431,272
split_014_rank_003_seg_03_20240422.183015_20240422.192659,array_stability,1,11.198896300018532,11.03125,46431,272
split_027_rank_005_seg_03_20230720.173405_20230720.183136,top_down,1,0.1080192000081297,0.109375,46431,272
split_027_rank_005_seg_03_20230720.173405_20230720.183136,turbopark,1,9.785006799997063,9.6875,46431,272
split_027_rank_005_seg_03_20230720.173405_20230720.183136,gaussian,1,1.098648899991531,1.09375,46431,272
split_027_rank_005_seg_03_20230720.173405_20230720.183136,array_stability,1,12.757611699984409,12.6875,46431,272
split_027_rank_005_seg_03_20230720.173405_20230720.183136,td_offshore_transfer,1,0.10720679999212734,0.109375,46431,272
split_068_rank_015_seg_02_20230827.021421_20230827.030226,turbopark,1,9.868560599978082,9.796875,46431,272
split_068_rank_015_seg_02_20230827.021421_20230827.030226,gaussian,1,1.137988900009077,1.125,46431,272
split_068_rank_015_seg_02_20230827.021421_20230827.030226,array_stability,1,15.801244900008896,15.546875,46431,272
split_068_rank_015_seg_02_20230827.021421_20230827.030226,td_offshore_transfer,1,0.11238479998428375,0.109375,46431,272
split_068_rank_015_seg_02_20230827.021421_20230827.030226,top_down,1,0.10966950000147335,0.109375,46431,272
split_128_rank_024_seg_08_20230617.223812_20230617.233723,gaussian,1,1.1064285000029486,1.109375,46431,272
split_128_rank_024_seg_08_20230617.223812_20230617.233723,array_stability,1,13.71465090001584,13.65625,46431,272
split_128_rank_024_seg_08_20230617.223812_20230617.233723,td_offshore_transfer,1,0.1057501999894157,0.109375,46431,272
split_128_rank_024_seg_08_20230617.223812_20230617.233723,top_down,1,0.10461589999613352,0.109375,46431,272
split_128_rank_024_seg_08_20230617.223812_20230617.233723,turbopark,1,9.947318199992878,9.828125,46431,272
split_140_rank_026_seg_03_20230704.180235_20230704.185631,array_stability,1,13.265005499997642,12.875,46431,272
split_140_rank_026_seg_03_20230704.180235_20230704.185631,td_offshore_transfer,1,0.0978641000110656,0.09375,46431,272
split_140_rank_026_seg_03_20230704.180235_20230704.185631,top_down,1,0.09726369997952133,0.109375,46431,272
split_140_rank_026_seg_03_20230704.180235_20230704.185631,turbopark,1,9.797417000023415,9.484375,46431,272
split_140_rank_026_seg_03_20230704.180235_20230704.185631,gaussian,1,1.113370799983386,1.09375,46431,272
split_154_rank_028_seg_05_20240428.212715_20240428.222041,td_offshore_transfer,1,0.10042599998996593,0.09375,46431,272
split_154_rank_028_seg_05_20240428.212715_20240428.222041,top_down,1,0.1005511999828741,0.109375,46431,272
split_154_rank_028_seg_05_20240428.212715_20240428.222041,turbopark,1,9.90773460001219,9.859375,46431,272
split_154_rank_028_seg_05_20240428.212715_20240428.222041,gaussian,1,1.1050949999771547,1.09375,46431,272
split_154_rank_028_seg_05_20240428.212715_20240428.222041,array_stability,1,11.677248099993449,11.625,46431,272
split_169_rank_030_seg_04_20240412.184732_20240412.193748,top_down,1,0.10224820001167245,0.09375,46431,272
split_169_rank_030_seg_04_20240412.184732_20240412.193748,turbopark,1,9.914027899998473,9.765625,46431,272
split_169_rank_030_seg_04_20240412.184732_20240412.193748,gaussian,1,1.1297561999817844,1.078125,46431,272
split_169_rank_030_seg_04_20240412.184732_20240412.193748,array_stability,1,13.11865749998833,12.90625,46431,272
split_169_rank_030_seg_04_20240412.184732_20240412.193748,td_offshore_transfer,1,0.10055960001773201,0.078125,46431,272
split_173_rank_031_seg_03_20230814.193235_20230814.202820,turbopark,1,10.094782600004692,9.859375,46431,272
split_173_rank_031_seg_03_20230814.193235_20230814.202820,gaussian,1,1.1597084000241011,1.15625,46431,272
split_173_rank_031_seg_03_20230814.193235_20230814.202820,array_stability,1,12.678938299999572,12.515625,46431,272
split_173_rank_031_seg_03_20230814.193235_20230814.202820,td_offshore_transfer,1,0.12305330001981929,0.125,46431,272
split_173_rank_031_seg_03_20230814.193235_20230814.202820,top_down,1,0.12371129999519326,0.125,46431,272
split_185_rank_032_seg_09_20231028.075403_20231028.085306,gaussian,1,1.1309023999783676,1.109375,46431,272
split_185_rank_032_seg_09_20231028.075403_20231028.085306,array_stability,1,11.670966100005899,11.546875,46431,272
split_185_rank_032_seg_09_20231028.075403_20231028.085306,td_offshore_transfer,1,0.11644310000701807,0.125,46431,272
split_185_rank_032_seg_09_20231028.075403_20231028.085306,top_down,1,0.11578920000465587,0.109375,46431,272
split_185_rank_032_seg_09_20231028.075403_20231028.085306,turbopark,1,9.858222500013653,9.71875,46431,272
split_203_rank_035_seg_03_20230625.150235_20230625.155827,array_stability,1,13.097009400022216,13.0,46431,272
split_203_rank_035_seg_03_20230625.150235_20230625.155827,td_offshore_transfer,1,0.11300490002031438,0.109375,46431,272
split_203_rank_035_seg_03_20230625.150235_20230625.155827,top_down,1,0.107265800004825,0.109375,46431,272
split_203_rank_035_seg_03_20230625.150235_20230625.155827,turbopark,1,10.200127099989913,10.03125,46431,272
split_203_rank_035_seg_03_20230625.150235_20230625.155827,gaussian,1,1.2702212000149302,1.234375,46431,272
split_217_rank_037_seg_01_20231117.180548_20231117.190402,td_offshore_transfer,1,0.12310460000298917,0.109375,46431,272
split_217_rank_037_seg_01_20231117.180548_20231117.190402,top_down,1,0.1239449999993667,0.125,46431,272
split_217_rank_037_seg_01_20231117.180548_20231117.190402,turbopark,1,9.935242500010645,9.6875,46431,272
split_217_rank_037_seg_01_20231117.180548_20231117.190402,gaussian,1,1.1666394000058062,1.140625,46431,272
split_217_rank_037_seg_01_20231117.180548_20231117.190402,array_stability,1,10.683096900000237,10.5625,46431,272
split_238_rank_041_seg_02_20230630.044152_20230630.053915,top_down,1,0.09343859998625703,0.09375,46431,272
split_238_rank_041_seg_02_20230630.044152_20230630.053915,turbopark,1,9.920761399989715,9.671875,46431,272
split_238_rank_041_seg_02_20230630.044152_20230630.053915,gaussian,1,1.1053984999889508,1.078125,46431,272
split_238_rank_041_seg_02_20230630.044152_20230630.053915,array_stability,1,17.660880799987353,17.546875,46431,272
split_238_rank_041_seg_02_20230630.044152_20230630.053915,td_offshore_transfer,1,0.09701230001519434,0.078125,46431,272
split_288_rank_049_seg_07_20230624.085845_20230624.095652,turbopark,1,9.592982200003462,9.546875,46431,272
split_288_rank_049_seg_07_20230624.085845_20230624.095652,gaussian,1,1.12459060002584,1.125,46431,272
split_288_rank_049_seg_07_20230624.085845_20230624.095652,array_stability,1,15.838894000014989,15.71875,46431,272
split_288_rank_049_seg_07_20230624.085845_20230624.095652,td_offshore_transfer,1,0.10427919999347068,0.109375,46431,272
split_288_rank_049_seg_07_20230624.085845_20230624.095652,top_down,1,0.1062099999981001,0.109375,46431,272
split_296_rank_050_seg_08_20231018.231958_20231019.001803,gaussian,1,1.1254253000079188,1.109375,46431,272
split_296_rank_050_seg_08_20231018.231958_20231019.001803,array_stability,1,18.55226989998482,18.234375,46431,272
split_296_rank_050_seg_08_20231018.231958_20231019.001803,td_offshore_transfer,1,0.11053370000445284,0.109375,46431,272
split_296_rank_050_seg_08_20231018.231958_20231019.001803,top_down,1,0.11722760001430288,0.09375,46431,272
split_296_rank_050_seg_08_20231018.231958_20231019.001803,turbopark,1,9.821601899981033,9.640625,46431,272
split_314_rank_054_seg_01_20230717.025459_20230717.034635,array_stability,1,14.708251399977598,14.53125,46431,272
split_314_rank_054_seg_01_20230717.025459_20230717.034635,td_offshore_transfer,1,0.081779700005427,0.078125,46431,272
split_314_rank_054_seg_01_20230717.025459_20230717.034635,top_down,1,0.0833528000221122,0.09375,46431,272
split_314_rank_054_seg_01_20230717.025459_20230717.034635,turbopark,1,9.866240700008348,9.78125,46431,272
split_314_rank_054_seg_01_20230717.025459_20230717.034635,gaussian,1,1.1331806000089273,1.109375,46431,272
split_323_rank_055_seg_04_20240502.042423_20240502.052200,td_offshore_transfer,1,0.10308390000136569,0.109375,46431,272
split_323_rank_055_seg_04_20240502.042423_20240502.052200,top_down,1,0.10184190000290982,0.09375,46431,272
split_323_rank_055_seg_04_20240502.042423_20240502.052200,turbopark,1,9.962126700003864,9.953125,46431,272
split_323_rank_055_seg_04_20240502.042423_20240502.052200,gaussian,1,1.1209794000023976,1.109375,46431,272
split_323_rank_055_seg_04_20240502.042423_20240502.052200,array_stability,1,14.078254100022605,14.03125,46431,272
split_340_rank_057_seg_07_20230906.075511_20230906.085232,top_down,1,0.11380039999494329,0.125,46431,272
split_340_rank_057_seg_07_20230906.075511_20230906.085232,turbopark,1,9.911373399983859,9.875,46431,272
split_340_rank_057_seg_07_20230906.075511_20230906.085232,gaussian,1,1.128207100002328,1.125,46431,272
split_340_rank_057_seg_07_20230906.075511_20230906.085232,array_stability,1,15.55877960001817,15.359375,46431,272
split_340_rank_057_seg_07_20230906.075511_20230906.085232,td_offshore_transfer,1,0.10705619998043403,0.109375,46431,272
split_355_rank_060_seg_03_20240503.220431_20240503.225627,turbopark,1,9.936297800013563,9.75,46431,272
split_355_rank_060_seg_03_20240503.220431_20240503.225627,gaussian,1,1.0956360999844037,1.0625,46431,272
split_355_rank_060_seg_03_20240503.220431_20240503.225627,array_stability,1,13.356029299990041,13.0,46431,272
split_355_rank_060_seg_03_20240503.220431_20240503.225627,td_offshore_transfer,1,0.11512380000203848,0.125,46431,272
split_355_rank_060_seg_03_20240503.220431_20240503.225627,top_down,1,0.11440270001185127,0.109375,46431,272
split_364_rank_063_seg_01_20230701.215538_20230701.224302,gaussian,1,1.132255200005602,1.078125,46431,272
split_364_rank_063_seg_01_20230701.215538_20230701.224302,array_stability,1,12.743832100008149,12.46875,46431,272
split_364_rank_063_seg_01_20230701.215538_20230701.224302,td_offshore_transfer,1,0.2390103000216186,0.25,46431,272
split_364_rank_063_seg_01_20230701.215538_20230701.224302,top_down,1,0.11954689997946844,0.109375,46431,272
split_364_rank_063_seg_01_20230701.215538_20230701.224302,turbopark,1,9.99469940000563,9.734375,46431,272
split_369_rank_064_seg_03_20240331.190032_20240331.195911,array_stability,1,11.781605399999535,11.625,46431,272
split_369_rank_064_seg_03_20240331.190032_20240331.195911,td_offshore_transfer,1,0.09075790000497364,0.09375,46431,272
split_369_rank_064_seg_03_20240331.190032_20240331.195911,top_down,1,0.09354739999980666,0.09375,46431,272
split_369_rank_064_seg_03_20240331.190032_20240331.195911,turbopark,1,9.945146999991266,9.875,46431,272
split_369_rank_064_seg_03_20240331.190032_20240331.195911,gaussian,1,1.1277209999971092,1.125,46431,272
split_380_rank_067_seg_02_20231014.190136_20231014.194459,td_offshore_transfer,1,0.12249599999631755,0.125,46431,272
split_380_rank_067_seg_02_20231014.190136_20231014.194459,top_down,1,0.1186046999937389,0.109375,46431,272
split_380_rank_067_seg_02_20231014.190136_20231014.194459,turbopark,1,9.905147700017551,9.84375,46431,272
split_380_rank_067_seg_02_20231014.190136_20231014.194459,gaussian,1,1.1522757000057027,1.09375,46431,272
split_380_rank_067_seg_02_20231014.190136_20231014.194459,array_stability,1,12.374748500005808,12.078125,46431,272
split_382_rank_068_seg_01_20240418.022758_20240418.032212,top_down,1,0.098571999988053,0.109375,46431,272
split_382_rank_068_seg_01_20240418.022758_20240418.032212,turbopark,1,9.916192100004992,9.6875,46431,272
split_382_rank_068_seg_01_20240418.022758_20240418.032212,gaussian,1,1.0589487999968696,1.0625,46431,272
split_382_rank_068_seg_01_20240418.022758_20240418.032212,array_stability,1,13.834287999983644,13.6875,46431,272
split_382_rank_068_seg_01_20240418.022758_20240418.032212,td_offshore_transfer,1,0.09980269998777658,0.09375,46431,272
split_410_rank_073_seg_04_20231109.005908_20231109.015853,turbopark,1,9.910503900027834,9.8125,46431,272
split_410_rank_073_seg_04_20231109.005908_20231109.015853,gaussian,1,1.1113376000139397,1.109375,46431,272
split_410_rank_073_seg_04_20231109.005908_20231109.015853,array_stability,1,21.55424219998531,21.28125,46431,272
split_410_rank_073_seg_04_20231109.005908_20231109.015853,td_offshore_transfer,1,0.1105360999936238,0.109375,46431,272
split_410_rank_073_seg_04_20231109.005908_20231109.015853,top_down,1,0.10992940000141971,0.109375,46431,272
split_417_rank_074_seg_03_20230807.045747_20230807.054136,gaussian,1,1.1324202999821864,1.140625,46431,272
split_417_rank_074_seg_03_20230807.045747_20230807.054136,array_stability,1,14.165326500020456,13.953125,46431,272
split_417_rank_074_seg_03_20230807.045747_20230807.054136,td_offshore_transfer,1,0.1138809000258334,0.109375,46431,272
split_417_rank_074_seg_03_20230807.045747_20230807.054136,top_down,1,0.11171810000087135,0.109375,46431,272
split_417_rank_074_seg_03_20230807.045747_20230807.054136,turbopark,1,9.898286599986022,9.875,46431,272
split_418_rank_075_seg_01_20230718.033112_20230718.042307,array_stability,1,16.63274959998671,16.53125,46431,272
split_418_rank_075_seg_01_20230718.033112_20230718.042307,td_offshore_transfer,1,0.08503689998178743,0.078125,46431,272
split_418_rank_075_seg_01_20230718.033112_20230718.042307,top_down,1,0.08685799999511801,0.09375,46431,272
split_418_rank_075_seg_01_20230718.033112_20230718.042307,turbopark,1,9.886674799985485,9.796875,46431,272
split_418_rank_075_seg_01_20230718.033112_20230718.042307,gaussian,1,1.1595598999992944,1.140625,46431,272
split_430_rank_078_seg_03_20231022.171441_20231022.180829,td_offshore_transfer,1,0.12521840000408702,0.109375,46431,272
split_430_rank_078_seg_03_20231022.171441_20231022.180829,top_down,1,0.11899790001916699,0.09375,46431,272
split_430_rank_078_seg_03_20231022.171441_20231022.180829,turbopark,1,9.857616399996914,9.6875,46431,272
split_430_rank_078_seg_03_20231022.171441_20231022.180829,gaussian,1,1.0415193999942858,1.03125,46431,272
split_430_rank_078_seg_03_20231022.171441_20231022.180829,array_stability,1,11.395495200005826,11.21875,46431,272
split_432_rank_079_seg_01_20230827.053055_20230827.062222,top_down,1,0.11277330000302754,0.109375,46431,272
split_432_rank_079_seg_01_20230827.053055_20230827.062222,turbopark,1,9.876401300018188,9.84375,46431,272
split_432_rank_079_seg_01_20230827.053055_20230827.062222,gaussian,1,1.128994899976533,1.125,46431,272
split_432_rank_079_seg_01_20230827.053055_20230827.062222,array_stability,1,13.592593700013822,13.484375,46431,272
split_432_rank_079_seg_01_20230827.053055_20230827.062222,td_offshore_transfer,1,0.10851290001301095,0.109375,46431,272
split_461_rank_084_seg_03_20240505.075031_20240505.084934,turbopark,1,9.403807599999709,9.359375,46431,272
split_461_rank_084_seg_03_20240505.075031_20240505.084934,gaussian,1,1.1108520999841858,1.09375,46431,272
split_461_rank_084_seg_03_20240505.075031_20240505.084934,array_stability,1,13.68228179999278,13.453125,46431,272
split_461_rank_084_seg_03_20240505.075031_20240505.084934,td_offshore_transfer,1,0.11236349999671802,0.109375,46431,272
split_461_rank_084_seg_03_20240505.075031_20240505.084934,top_down,1,0.11222350000753067,0.109375,46431,272
split_470_rank_086_seg_02_20230719.162758_20230719.172549,gaussian,1,1.0604201999958605,1.0625,46431,272
split_470_rank_086_seg_02_20230719.162758_20230719.172549,array_stability,1,11.301410700019915,11.265625,46431,272
split_470_rank_086_seg_02_20230719.162758_20230719.172549,td_offshore_transfer,1,0.11745259998133406,0.109375,46431,272
split_470_rank_086_seg_02_20230719.162758_20230719.172549,top_down,1,0.10563759997603483,0.109375,46431,272
split_470_rank_086_seg_02_20230719.162758_20230719.172549,turbopark,1,9.406514800008154,9.265625,46431,272
split_480_rank_088_seg_05_20231104.200927_20231104.210857,array_stability,1,12.767883099993924,12.671875,46431,272
split_480_rank_088_seg_05_20231104.200927_20231104.210857,td_offshore_transfer,1,0.11155499998130836,0.109375,46431,272
split_480_rank_088_seg_05_20231104.200927_20231104.210857,top_down,1,0.1104023999942001,0.109375,46431,272
split_480_rank_088_seg_05_20231104.200927_20231104.210857,turbopark,1,9.876869900006568,9.6875,46431,272
split_480_rank_088_seg_05_20231104.200927_20231104.210857,gaussian,1,1.158803700003773,1.15625,46431,272
split_493_rank_090_seg_06_20240410.221655_20240410.230909,td_offshore_transfer,1,0.10765859999810345,0.109375,46431,272
split_493_rank_090_seg_06_20240410.221655_20240410.230909,top_down,1,0.11664439999731258,0.109375,46431,272
split_493_rank_090_seg_06_20240410.221655_20240410.230909,turbopark,1,9.663732100016205,9.515625,46431,272
split_493_rank_090_seg_06_20240410.221655_20240410.230909,gaussian,1,1.1153797000006307,1.09375,46431,272
split_493_rank_090_seg_06_20240410.221655_20240410.230909,array_stability,1,13.02989420000813,12.921875,46431,272
split_505_rank_093_seg_01_20231105.194017_20231105.203801,top_down,1,0.09185040000011213,0.09375,46431,272
split_505_rank_093_seg_01_20231105.194017_20231105.203801,turbopark,1,9.747827200015308,9.65625,46431,272
split_505_rank_093_seg_01_20231105.194017_20231105.203801,gaussian,1,1.120844000019133,1.109375,46431,272
split_505_rank_093_seg_01_20231105.194017_20231105.203801,array_stability,1,12.363022000005003,12.15625,46431,272
split_505_rank_093_seg_01_20231105.194017_20231105.203801,td_offshore_transfer,1,0.09155740001006052,0.078125,46431,272
split_525_rank_094_seg_19_20231005.183740_20231005.193708,turbopark,1,10.020841899997322,9.78125,46431,272
split_525_rank_094_seg_19_20231005.183740_20231005.193708,gaussian,1,1.1467614999855869,1.125,46431,272
split_525_rank_094_seg_19_20231005.183740_20231005.193708,array_stability,1,10.619501300010597,10.4375,46431,272
split_525_rank_094_seg_19_20231005.183740_20231005.193708,td_offshore_transfer,1,0.12551949999760836,0.109375,46431,272
split_525_rank_094_seg_19_20231005.183740_20231005.193708,top_down,1,0.1244416999979876,0.125,46431,272
split_530_rank_095_seg_04_20230716.174052_20230716.183513,gaussian,1,1.0592027000093367,1.046875,46431,272
split_530_rank_095_seg_04_20230716.174052_20230716.183513,array_stability,1,10.815557200025069,10.625,46431,272
split_530_rank_095_seg_04_20230716.174052_20230716.183513,td_offshore_transfer,1,0.0952324999962002,0.09375,46431,272
split_530_rank_095_seg_04_20230716.174052_20230716.183513,top_down,1,0.09679400001186877,0.09375,46431,272
split_530_rank_095_seg_04_20230716.174052_20230716.183513,turbopark,1,9.877186500001699,9.796875,46431,272
split_551_rank_099_seg_04_20230911.223957_20230911.233256,array_stability,1,13.417445200000657,13.203125,46431,272
split_551_rank_099_seg_04_20230911.223957_20230911.233256,td_offshore_transfer,1,0.11804090000805445,0.109375,46431,272
split_551_rank_099_seg_04_20230911.223957_20230911.233256,top_down,1,0.11684380000224337,0.125,46431,272
split_551_rank_099_seg_04_20230911.223957_20230911.233256,turbopark,1,9.923353000020143,9.78125,46431,272
split_551_rank_099_seg_04_20230911.223957_20230911.233256,gaussian,1,1.1321097000036389,1.125,46431,272
