case_id,faa_ors,faa_asn,usgs_pr_id,eia_id,t_state,t_county,t_fips,p_name,p_year,p_tnum,p_cap,t_manu,t_model,t_cap,t_hh,t_rd,t_rsa,t_ttlh,t_retrofit,t_retro_yr,t_offshore,t_conf_atr,t_conf_loc,t_img_date,t_img_src,xlong,ylat,curve_type_id,unknown_type_proxy
3101457,40-087128,2019-WTW-7919-OE,,63104.0,OK,Garfield County,40047,King Plains,2020,88,248.16,GE Wind,GE2.82-127,2820.0,89.0,127.0,12667.69,152.4,0,,0,3,3,4/27/2022,Maxar,-97.543335,36.413612,0,False
3099452,40-086758,2019-WTW-4679-OE,,63104.0,OK,Garfield County,40047,King Plains,2020,88,248.16,GE Wind,GE2.82-127,2820.0,89.0,127.0,12667.69,152.4,0,,0,3,3,7/22/2020,Maxar,-97.499687,36.387943,0,False
3103317,40-087338,2019-WTW-7910-OE,,63104.0,OK,Garfield County,40047,King Plains,2020,88,248.16,GE Wind,GE2.82-127,2820.0,89.0,127.0,12667.69,152.4,0,,0,3,3,7/22/2020,Maxar,-97.467422,36.417347,0,False
3101156,40-087119,2019-WTW-4717-OE,,63104.0,OK,Noble County,40103,King Plains,2020,88,248.16,GE Wind,GE2.82-127,2820.0,89.0,127.0,12667.69,152.4,0,,0,3,3,2/13/2023,Maxar,-97.414604,36.365635,0,False
3101693,40-087131,2019-WTW-4716-OE,,63104.0,OK,Noble County,40103,King Plains,2020,88,248.16,GE Wind,GE2.82-127,2820.0,89.0,127.0,12667.69,152.4,0,,0,3,3,2/13/2023,Maxar,-97.419243,36.365608,0,False
3103296,40-087431,2019-WTW-4652-OE,,63104.0,OK,Noble County,40103,King Plains,2020,88,248.16,GE Wind,GE2.82-127,2820.0,89.0,127.0,12667.69,152.4,0,,0,3,3,2/13/2023,Maxar,-97.428413,36.410862,0,False
3101886,40-087217,2019-WTW-4651-OE,,63104.0,OK,Noble County,40103,King Plains,2020,88,248.16,GE Wind,GE2.82-127,2820.0,89.0,127.0,12667.69,152.4,0,,0,3,3,2/13/2023,Maxar,-97.432724,36.410717,0,False
3099238,40-086703,2019-WTW-4677-OE,,63104.0,OK,Garfield County,40047,King Plains,2020,88,248.16,GE Wind,GE2.82-127,2820.0,89.0,127.0,12667.69,152.4,0,,0,3,3,7/22/2020,Maxar,-97.5075,36.385273,0,False
3102256,40-087332,2019-WTW-4669-OE,,63104.0,OK,Garfield County,40047,King Plains,2020,88,248.16,GE Wind,GE2.82-127,2820.0,89.0,127.0,12667.69,152.4,0,,0,3,3,7/22/2020,Maxar,-97.48597,36.40271,0,False
3099520,40-086932,2019-WTW-7913-OE,,63104.0,OK,Noble County,40103,King Plains,2020,88,248.16,GE Wind,GE2.82-127,2820.0,89.0,127.0,12667.69,152.4,0,,0,3,3,2/13/2023,Maxar,-97.450981,36.381588,0,False
3101465,40-087167,2019-WTW-4729-OE,,63104.0,OK,Garfield County,40047,King Plains,2020,88,248.16,GE Wind,GE2.82-127,2820.0,89.0,127.0,12667.69,152.4,0,,0,3,3,4/27/2022,Maxar,-97.53051,36.424934,0,False
3101423,40-087236,2019-WTW-7921-OE,,63104.0,OK,Noble County,40103,King Plains,2020,88,248.16,GE Wind,GE2.82-127,2820.0,89.0,127.0,12667.69,152.4,0,,0,3,3,2/13/2023,Maxar,-97.446228,36.409973,0,False
3100097,40-087031,2019-WTW-4711-OE,,63104.0,OK,Noble County,40103,King Plains,2020,88,248.16,GE Wind,GE2.82-127,2820.0,89.0,127.0,12667.69,152.4,0,,0,3,3,2/13/2023,Maxar,-97.396965,36.381981,0,False
3100746,40-087215,2019-WTW-4665-OE,,63104.0,OK,Garfield County,40047,King Plains,2020,88,248.16,GE Wind,GE2.82-127,2820.0,89.0,127.0,12667.69,152.4,0,,0,3,3,4/27/2022,Maxar,-97.503494,36.402794,0,False
3099262,40-086763,2019-WTW-4680-OE,,63104.0,OK,Garfield County,40047,King Plains,2020,88,248.16,GE Wind,GE2.82-127,2820.0,89.0,127.0,12667.69,152.4,0,,0,3,3,4/27/2022,Maxar,-97.494179,36.38475,0,False
3101284,40-087200,2019-WTW-4655-OE,,63104.0,OK,Noble County,40103,King Plains,2020,88,248.16,GE Wind,GE2.82-127,2820.0,89.0,127.0,12667.69,152.4,0,,0,3,3,2/13/2023,Maxar,-97.415176,36.410927,0,False
3101425,40-087232,2019-WTW-4664-OE,,63104.0,OK,Garfield County,40047,King Plains,2020,88,248.16,GE Wind,GE2.82-127,2820.0,89.0,127.0,12667.69,152.4,0,,0,3,3,4/27/2022,Maxar,-97.508095,36.402458,0,False
3099500,40-086914,2019-WTW-4740-OE,,63104.0,OK,Garfield County,40047,King Plains,2020,88,248.16,GE Wind,GE2.82-127,2820.0,89.0,127.0,12667.69,152.4,0,,0,3,3,7/22/2020,Maxar,-97.475609,36.386959,0,False
3100990,40-087139,2019-WTW-4672-OE,,63104.0,OK,Noble County,40103,King Plains,2020,88,248.16,GE Wind,GE2.82-127,2820.0,89.0,127.0,12667.69,152.4,0,,0,3,3,2/13/2023,Maxar,-97.39238,36.403564,0,False
3101293,40-087170,2019-WTW-4656-OE,,63104.0,OK,Noble County,40103,King Plains,2020,88,248.16,GE Wind,GE2.82-127,2820.0,89.0,127.0,12667.69,152.4,0,,0,3,3,2/13/2023,Maxar,-97.410912,36.410133,0,False
3099761,40-087030,2019-WTW-4710-OE,,63104.0,OK,Noble County,40103,King Plains,2020,88,248.16,GE Wind,GE2.82-127,2820.0,89.0,127.0,12667.69,152.4,0,,0,3,3,2/13/2023,Maxar,-97.401466,36.381748,0,False
3099198,40-086770,2019-WTW-4682-OE,,63104.0,OK,Garfield County,40047,King Plains,2020,88,248.16,GE Wind,GE2.82-127,2820.0,89.0,127.0,12667.69,152.4,0,,0,3,3,2/13/2023,Maxar,-97.485367,36.385456,0,False
3099950,40-087047,2019-WTW-4712-OE,,63104.0,OK,Noble County,40103,King Plains,2020,88,248.16,GE Wind,GE2.82-127,2820.0,89.0,127.0,12667.69,152.4,0,,0,3,3,2/13/2023,Maxar,-97.392456,36.381451,0,False
3100283,40-087048,2019-WTW-4713-OE,,63104.0,OK,Noble County,40103,King Plains,2020,88,248.16,GE Wind,GE2.82-127,2820.0,89.0,127.0,12667.69,152.4,0,,0,3,3,2/13/2023,Maxar,-97.387932,36.378235,0,False
3102684,40-087334,2019-WTW-4641-OE,,63104.0,OK,Garfield County,40047,King Plains,2020,88,248.16,GE Wind,GE2.82-127,2820.0,89.0,127.0,12667.69,152.4,0,,0,3,3,7/22/2020,Maxar,-97.485207,36.414337,0,False
3099844,40-087002,2019-WTW-4698-OE,,63104.0,OK,Noble County,40103,King Plains,2020,88,248.16,GE Wind,GE2.82-127,2820.0,89.0,127.0,12667.69,152.4,0,,0,3,3,2/13/2023,Maxar,-97.401581,36.393185,0,False
3099103,40-086916,2019-WTW-4686-OE,,63104.0,OK,Garfield County,40047,King Plains,2020,88,248.16,GE Wind,GE2.82-127,2820.0,89.0,127.0,12667.69,152.4,0,,0,3,3,7/22/2020,Maxar,-97.470963,36.388618,0,False
3099565,40-087015,2019-WTW-7914-OE,,63104.0,OK,Noble County,40103,King Plains,2020,88,248.16,GE Wind,GE2.82-127,2820.0,89.0,127.0,12667.69,152.4,0,,0,3,3,2/13/2023,Maxar,-97.411751,36.381512,0,False
3099566,40-086948,2019-WTW-4689-OE,,63104.0,OK,Noble County,40103,King Plains,2020,88,248.16,GE Wind,GE2.82-127,2820.0,89.0,127.0,12667.69,152.4,0,,0,3,3,2/13/2023,Maxar,-97.447525,36.377796,0,False
3100894,40-087173,2019-WTW-4671-OE,,63104.0,OK,Noble County,40103,King Plains,2020,88,248.16,GE Wind,GE2.82-127,2820.0,89.0,127.0,12667.69,152.4,0,,0,3,3,2/13/2023,Maxar,-97.397263,36.403244,0,False
3100903,40-087117,2019-WTW-4736-OE,,63104.0,OK,Garfield County,40047,King Plains,2020,88,248.16,GE Wind,GE2.82-127,2820.0,89.0,127.0,12667.69,152.4,0,,0,3,3,7/22/2020,Maxar,-97.534676,36.41098,0,False
3099930,40-087046,2019-WTW-4704-OE,,63104.0,OK,Noble County,40103,King Plains,2020,88,248.16,GE Wind,GE2.82-127,2820.0,89.0,127.0,12667.69,152.4,0,,0,3,3,3/18/2023,Maxar,-97.361336,36.38459,0,False
3100561,40-087249,2019-WTW-7912-OE,,63104.0,OK,Noble County,40103,King Plains,2020,88,248.16,GE Wind,GE2.82-127,2820.0,89.0,127.0,12667.69,152.4,0,,0,3,3,7/22/2020,Maxar,-97.454956,36.410694,0,False
3098412,40-086699,2019-WTW-4678-OE,,63104.0,OK,Garfield County,40047,King Plains,2020,88,248.16,GE Wind,GE2.82-127,2820.0,89.0,127.0,12667.69,152.4,0,,0,3,3,7/22/2020,Maxar,-97.503998,36.387333,0,False
3099665,40-086970,2019-WTW-4691-OE,,63104.0,OK,Noble County,40103,King Plains,2020,88,248.16,GE Wind,GE2.82-127,2820.0,89.0,127.0,12667.69,152.4,0,,0,3,3,2/13/2023,Maxar,-97.43322,36.385166,0,False
3101368,40-087168,2019-WTW-4730-OE,,63104.0,OK,Garfield County,40047,King Plains,2020,88,248.16,GE Wind,GE2.82-127,2820.0,89.0,127.0,12667.69,152.4,0,,0,3,3,7/22/2020,Maxar,-97.526352,36.427185,0,False
3100314,40-087029,2019-WTW-4703-OE,,63104.0,OK,Noble County,40103,King Plains,2020,88,248.16,GE Wind,GE2.82-127,2820.0,89.0,127.0,12667.69,152.4,0,,0,3,3,3/18/2023,Maxar,-97.374458,36.386478,0,False
3100747,40-087198,2019-WTW-4653-OE,,63104.0,OK,Noble County,40103,King Plains,2020,88,248.16,GE Wind,GE2.82-127,2820.0,89.0,127.0,12667.69,152.4,0,,0,3,3,2/13/2023,Maxar,-97.423912,36.410538,0,False
3100986,40-087130,2019-WTW-4715-OE,,63104.0,OK,Noble County,40103,King Plains,2020,88,248.16,GE Wind,GE2.82-127,2820.0,89.0,127.0,12667.69,152.4,0,,0,3,3,2/13/2023,Maxar,-97.423828,36.364983,0,False
3099047,40-086868,2019-WTW-4683-OE,,63104.0,OK,Garfield County,40047,King Plains,2020,88,248.16,GE Wind,GE2.82-127,2820.0,89.0,127.0,12667.69,152.4,0,,0,3,3,2/13/2023,Maxar,-97.481049,36.385105,0,False
3101971,40-087087,2019-WTW-4721-OE,,63104.0,OK,Noble County,40103,King Plains,2020,88,248.16,GE Wind,GE2.82-127,2820.0,89.0,127.0,12667.69,152.4,0,,0,3,3,2/13/2023,Maxar,-97.397133,36.365669,0,False
3101773,40-087336,2019-WTW-4643-OE,,63104.0,OK,Garfield County,40047,King Plains,2020,88,248.16,GE Wind,GE2.82-127,2820.0,89.0,127.0,12667.69,152.4,0,,0,3,3,7/22/2020,Maxar,-97.475029,36.413422,0,False
3101424,40-087234,2019-WTW-4662-OE,,63104.0,OK,Garfield County,40047,King Plains,2020,88,248.16,GE Wind,GE2.82-127,2820.0,89.0,127.0,12667.69,152.4,0,,0,3,3,7/22/2020,Maxar,-97.518318,36.406635,0,False
3100177,40-087083,2019-WTW-4725-OE,,63104.0,OK,Noble County,40103,King Plains,2020,88,248.16,GE Wind,GE2.82-127,2820.0,89.0,127.0,12667.69,152.4,0,,0,3,3,3/18/2023,Maxar,-97.36544,36.370907,0,False
3099727,40-086982,2019-WTW-4695-OE,,63104.0,OK,Noble County,40103,King Plains,2020,88,248.16,GE Wind,GE2.82-127,2820.0,89.0,127.0,12667.69,152.4,0,,0,3,3,2/13/2023,Maxar,-97.415771,36.392941,0,False
3099536,40-087013,2019-WTW-4701-OE,,63104.0,OK,Noble County,40103,King Plains,2020,88,248.16,GE Wind,GE2.82-127,2820.0,89.0,127.0,12667.69,152.4,0,,0,3,3,2/13/2023,Maxar,-97.384155,36.386841,0,False
3100472,40-086949,2019-WTW-4674-OE,,63104.0,OK,Noble County,40103,King Plains,2020,88,248.16,GE Wind,GE2.82-127,2820.0,89.0,127.0,12667.69,152.4,0,,0,3,3,7/22/2020,Maxar,-97.452141,36.393139,0,False
3103309,40-087333,2019-WTW-4668-OE,,63104.0,OK,Garfield County,40047,King Plains,2020,88,248.16,GE Wind,GE2.82-127,2820.0,89.0,127.0,12667.69,152.4,0,,0,3,3,7/22/2020,Maxar,-97.490326,36.40276,0,False
3102956,40-087339,2019-WTW-7911-OE,,63104.0,OK,Garfield County,40047,King Plains,2020,88,248.16,GE Wind,GE2.82-127,2820.0,89.0,127.0,12667.69,152.4,0,,0,3,3,7/22/2020,Maxar,-97.463318,36.416145,0,False
3101306,40-087172,2019-WTW-4658-OE,,63104.0,OK,Noble County,40103,King Plains,2020,88,248.16,GE Wind,GE2.82-127,2820.0,89.0,127.0,12667.69,152.4,0,,0,3,3,2/13/2023,Maxar,-97.401192,36.411007,0,False
3101923,40-087092,2019-WTW-7915-OE,,63104.0,OK,Noble County,40103,King Plains,2020,88,248.16,GE Wind,GE2.82-127,2820.0,89.0,127.0,12667.69,152.4,0,,0,3,3,2/13/2023,Maxar,-97.405487,36.364708,0,False
3099646,40-087001,2019-WTW-4697-OE,,63104.0,OK,Noble County,40103,King Plains,2020,88,248.16,GE Wind,GE2.82-127,2820.0,89.0,127.0,12667.69,152.4,0,,0,3,3,2/13/2023,Maxar,-97.406136,36.392948,0,False
3100733,40-087199,2019-WTW-4654-OE,,63104.0,OK,Noble County,40103,King Plains,2020,88,248.16,GE Wind,GE2.82-127,2820.0,89.0,127.0,12667.69,152.4,0,,0,3,3,2/13/2023,Maxar,-97.41935,36.41016,0,False
3101934,40-087120,2019-WTW-4718-OE,,63104.0,OK,Noble County,40103,King Plains,2020,88,248.16,GE Wind,GE2.82-127,2820.0,89.0,127.0,12667.69,152.4,0,,0,3,3,2/13/2023,Maxar,-97.410255,36.365475,0,False
3100577,40-087140,2019-WTW-4732-OE,,63104.0,OK,Garfield County,40047,King Plains,2020,88,248.16,GE Wind,GE2.82-127,2820.0,89.0,127.0,12667.69,152.4,0,,0,3,3,7/22/2020,Maxar,-97.51812,36.429489,0,False
3102452,40-087337,2019-WTW-4644-OE,,63104.0,OK,Garfield County,40047,King Plains,2020,88,248.16,GE Wind,GE2.82-127,2820.0,89.0,127.0,12667.69,152.4,0,,0,3,3,7/22/2020,Maxar,-97.471123,36.414932,0,False
3099293,40-086708,2019-WTW-4676-OE,,63104.0,OK,Garfield County,40047,King Plains,2020,88,248.16,GE Wind,GE2.82-127,2820.0,89.0,127.0,12667.69,152.4,0,,0,3,3,4/27/2022,Maxar,-97.511879,36.384739,0,False
3102258,40-087331,2019-WTW-4670-OE,,63104.0,OK,Garfield County,40047,King Plains,2020,88,248.16,GE Wind,GE2.82-127,2820.0,89.0,127.0,12667.69,152.4,0,,0,3,3,7/22/2020,Maxar,-97.481506,36.402969,0,False
3099294,40-086761,2019-WTW-4681-OE,,63104.0,OK,Garfield County,40047,King Plains,2020,88,248.16,GE Wind,GE2.82-127,2820.0,89.0,127.0,12667.69,152.4,0,,0,3,3,4/27/2022,Maxar,-97.489792,36.384991,0,False
3101435,40-087216,2019-WTW-4650-OE,,63104.0,OK,Noble County,40103,King Plains,2020,88,248.16,GE Wind,GE2.82-127,2820.0,89.0,127.0,12667.69,152.4,0,,0,3,3,2/13/2023,Maxar,-97.440857,36.410736,0,False
3101866,40-087171,2019-WTW-4657-OE,,63104.0,OK,Noble County,40103,King Plains,2020,88,248.16,GE Wind,GE2.82-127,2820.0,89.0,127.0,12667.69,152.4,0,,0,3,3,2/13/2023,Maxar,-97.405914,36.411022,0,False
3100703,40-087214,2019-WTW-4661-OE,,63104.0,OK,Garfield County,40047,King Plains,2020,88,248.16,GE Wind,GE2.82-127,2820.0,89.0,127.0,12667.69,152.4,0,,0,3,3,7/22/2020,Maxar,-97.522903,36.402279,0,False
3099800,40-086981,2019-WTW-4694-OE,,63104.0,OK,Noble County,40103,King Plains,2020,88,248.16,GE Wind,GE2.82-127,2820.0,89.0,127.0,12667.69,152.4,0,,0,3,3,2/13/2023,Maxar,-97.420433,36.392479,0,False
3101582,40-087091,2019-WTW-7917-OE,,63104.0,OK,Garfield County,40047,King Plains,2020,88,248.16,GE Wind,GE2.82-127,2820.0,89.0,127.0,12667.69,152.4,0,,0,3,3,7/22/2020,Maxar,-97.53936,36.40316,0,False
3100585,40-087235,2019-WTW-4648-OE,,63104.0,OK,Noble County,40103,King Plains,2020,88,248.16,GE Wind,GE2.82-127,2820.0,89.0,127.0,12667.69,152.4,0,,0,3,3,2/13/2023,Maxar,-97.450638,36.413082,0,False
3099498,40-086933,2019-WTW-4673-OE,,63104.0,OK,Noble County,40103,King Plains,2020,88,248.16,GE Wind,GE2.82-127,2820.0,89.0,127.0,12667.69,152.4,0,,0,3,3,2/13/2023,Maxar,-97.456612,36.393105,0,False
3101320,40-087248,2019-WTW-4666-OE,,63104.0,OK,Garfield County,40047,King Plains,2020,88,248.16,GE Wind,GE2.82-127,2820.0,89.0,127.0,12667.69,152.4,0,,0,3,3,4/27/2022,Maxar,-97.499039,36.402935,0,False
3101464,40-087086,2019-WTW-4724-OE,,63104.0,OK,Noble County,40103,King Plains,2020,88,248.16,GE Wind,GE2.82-127,2820.0,89.0,127.0,12667.69,152.4,0,,0,3,3,3/18/2023,Maxar,-97.369713,36.371143000000004,0,False
3099929,40-087014,2019-WTW-4702-OE,,63104.0,OK,Noble County,40103,King Plains,2020,88,248.16,GE Wind,GE2.82-127,2820.0,89.0,127.0,12667.69,152.4,0,,0,3,3,2/13/2023,Maxar,-97.379311,36.386738,0,False
3100473,40-086966,2019-WTW-4690-OE,,63104.0,OK,Noble County,40103,King Plains,2020,88,248.16,GE Wind,GE2.82-127,2820.0,89.0,127.0,12667.69,152.4,0,,0,3,3,2/13/2023,Maxar,-97.437195,36.381294,0,False
3101346,40-087118,2019-WTW-7920-OE,,63104.0,OK,Garfield County,40047,King Plains,2020,88,248.16,GE Wind,GE2.82-127,2820.0,89.0,127.0,12667.69,152.4,0,,0,3,3,4/27/2022,Maxar,-97.539215,36.412716,0,False
3100195,40-087000,2019-WTW-4696-OE,,63104.0,OK,Noble County,40103,King Plains,2020,88,248.16,GE Wind,GE2.82-127,2820.0,89.0,127.0,12667.69,152.4,0,,0,3,3,2/13/2023,Maxar,-97.410881,36.393002,0,False
3102326,40-087330,2019-WTW-4667-OE,,63104.0,OK,Garfield County,40047,King Plains,2020,88,248.16,GE Wind,GE2.82-127,2820.0,89.0,127.0,12667.69,152.4,0,,0,3,3,4/27/2022,Maxar,-97.494698,36.402996,0,False
3100931,40-087233,2019-WTW-4663-OE,,63104.0,OK,Garfield County,40047,King Plains,2020,88,248.16,GE Wind,GE2.82-127,2820.0,89.0,127.0,12667.69,152.4,0,,0,3,3,2/13/2023,Maxar,-97.512413,36.403034,0,False
3099042,40-086867,2019-WTW-4687-OE,,63104.0,OK,Garfield County,40047,King Plains,2020,88,248.16,GE Wind,GE2.82-127,2820.0,89.0,127.0,12667.69,152.4,0,,0,3,3,7/22/2020,Maxar,-97.466026,36.38723,0,False
3099831,40-086983,2019-WTW-4693-OE,,63104.0,OK,Noble County,40103,King Plains,2020,88,248.16,GE Wind,GE2.82-127,2820.0,89.0,127.0,12667.69,152.4,0,,0,3,3,2/13/2023,Maxar,-97.424034,36.388077,0,False
3101438,40-087197,2019-WTW-4737-OE,,63104.0,OK,Garfield County,40047,King Plains,2020,88,248.16,GE Wind,GE2.82-127,2820.0,89.0,127.0,12667.69,152.4,0,,0,3,3,7/22/2020,Maxar,-97.508377,36.41412,0,False
3100091,40-087055,2019-WTW-4722-OE,,63104.0,OK,Noble County,40103,King Plains,2020,88,248.16,GE Wind,GE2.82-127,2820.0,89.0,127.0,12667.69,152.4,0,,0,3,3,2/13/2023,Maxar,-97.392365,36.365215,0,False
3101661,40-087093,2019-WTW-7916-OE,,63104.0,OK,Noble County,40103,King Plains,2020,88,248.16,GE Wind,GE2.82-127,2820.0,89.0,127.0,12667.69,152.4,0,,0,3,3,2/13/2023,Maxar,-97.401596,36.366085,0,False
3101598,40-087166,2019-WTW-4741-OE,,63104.0,OK,Garfield County,40047,King Plains,2020,88,248.16,GE Wind,GE2.82-127,2820.0,89.0,127.0,12667.69,152.4,0,,0,3,3,7/22/2020,Maxar,-97.521713,36.415401,0,False
3099642,40-087054,2019-WTW-4726-OE,,63104.0,OK,Noble County,40103,King Plains,2020,88,248.16,GE Wind,GE2.82-127,2820.0,89.0,127.0,12667.69,152.4,0,,0,3,3,3/18/2023,Maxar,-97.360832,36.370808,0,False
3101448,40-087169,2019-WTW-4731-OE,,63104.0,OK,Garfield County,40047,King Plains,2020,88,248.16,GE Wind,GE2.82-127,2820.0,89.0,127.0,12667.69,152.4,0,,0,3,3,7/22/2020,Maxar,-97.522438,36.429581,0,False
3100466,40-087056,2019-WTW-4723-OE,,63104.0,OK,Noble County,40103,King Plains,2020,88,248.16,GE Wind,GE2.82-127,2820.0,89.0,127.0,12667.69,152.4,0,,0,3,3,2/13/2023,Maxar,-97.385841,36.363766,0,False
3099475,40-086951,2019-WTW-4675-OE,,63104.0,OK,Noble County,40103,King Plains,2020,88,248.16,GE Wind,GE2.82-127,2820.0,89.0,127.0,12667.69,152.4,0,,0,3,3,2/13/2023,Maxar,-97.446732,36.392536,0,False
3101977,40-087129,2019-WTW-7918-OE,,63104.0,OK,Garfield County,40047,King Plains,2020,88,248.16,GE Wind,GE2.82-127,2820.0,89.0,127.0,12667.69,152.4,0,,0,3,3,7/22/2020,Maxar,-97.547585,36.414047,0,False
3101949,40-087335,2019-WTW-4642-OE,,63104.0,OK,Garfield County,40047,King Plains,2020,88,248.16,GE Wind,GE2.82-127,2820.0,89.0,127.0,12667.69,152.4,0,,0,3,3,7/22/2020,Maxar,-97.48085,36.413483,0,False
3100040,40-087016,2019-WTW-4709-OE,,63104.0,OK,Noble County,40103,King Plains,2020,88,248.16,GE Wind,GE2.82-127,2820.0,89.0,127.0,12667.69,152.4,0,,0,3,3,2/13/2023,Maxar,-97.406097,36.381363,0,False
3099149,40-086971,2019-WTW-4692-OE,,63104.0,OK,Noble County,40103,King Plains,2020,88,248.16,GE Wind,GE2.82-127,2820.0,89.0,127.0,12667.69,152.4,0,,0,3,3,2/13/2023,Maxar,-97.428612,36.387871,0,False
3054432,40-028529,2023-WTW-14065-OE,,58994.0,OK,Garfield County,40047,Breckinridge,2015,57,98.1,GE Wind,GE1.7-103,1700.0,80.0,103.0,8332.29,131.4,0,,0,3,3,1/22/2017,Maxar,-97.68261,36.452202,1,False
3054454,40-028447,2023-WTW-14104-OE,,58994.0,OK,Garfield County,40047,Breckinridge,2015,57,98.1,GE Wind,GE1.7-103,1700.0,80.0,103.0,8332.29,131.4,0,,0,3,3,1/22/2017,Maxar,-97.626839,36.431114,1,False
3054430,40-028593,2023-WTW-14055-OE,,58994.0,OK,Garfield County,40047,Breckinridge,2015,57,98.1,GE Wind,GE1.7-103,1700.0,80.0,103.0,8332.29,131.4,0,,0,3,3,1/24/2017,Maxar,-97.740379,36.459805,1,False
3052256,40-028505,2023-WTW-14093-OE,,58994.0,OK,Garfield County,40047,Breckinridge,2015,57,98.1,GE Wind,GE1.7-103,1700.0,80.0,103.0,8332.29,131.4,0,,0,3,3,9/16/2015,Maxar,-97.65033,36.442402,1,False
3054429,40-028592,2023-WTW-14054-OE,,58994.0,OK,Garfield County,40047,Breckinridge,2015,57,98.1,GE Wind,GE1.7-103,1700.0,80.0,103.0,8332.29,131.4,0,,0,3,3,1/24/2017,Maxar,-97.744835,36.459785,1,False
3052246,40-028514,2023-WTW-14080-OE,,58994.0,OK,Garfield County,40047,Breckinridge,2015,57,98.1,GE Wind,GE1.7-103,1700.0,80.0,103.0,8332.29,131.4,0,,0,3,3,1/24/2017,Maxar,-97.718636,36.438583,1,False
3052264,40-028487,2023-WTW-14109-OE,,58994.0,OK,Garfield County,40047,Breckinridge,2015,57,98.1,GE Wind,GE1.7-103,1700.0,80.0,103.0,8332.29,131.4,0,,0,3,3,1/22/2017,Maxar,-97.606979,36.441895,1,False
3052239,40-028507,2023-WTW-14071-OE,,58994.0,OK,Garfield County,40047,Breckinridge,2015,57,98.1,GE Wind,GE1.7-103,1700.0,80.0,103.0,8332.29,131.4,0,,0,3,3,1/22/2017,Maxar,-97.654411,36.456825,1,False
3054439,40-028537,2023-WTW-14095-OE,,58994.0,OK,Garfield County,40047,Breckinridge,2015,57,98.1,GE Wind,GE1.7-103,1700.0,80.0,103.0,8332.29,131.4,0,,0,3,3,9/16/2015,Maxar,-97.643272,36.443275,1,False
3052263,40-028518,2023-WTW-14107-OE,,58994.0,OK,Garfield County,40047,Breckinridge,2015,57,98.1,GE Wind,GE1.7-103,1700.0,80.0,103.0,8332.29,131.4,0,,0,3,3,1/22/2017,Maxar,-97.615761,36.437183,1,False
3052265,40-028488,2023-WTW-14108-OE,,58994.0,OK,Garfield County,40047,Breckinridge,2015,57,98.1,GE Wind,GE1.7-103,1700.0,80.0,103.0,8332.29,131.4,0,,0,3,3,1/22/2017,Maxar,-97.611565,36.441963,1,False
3052262,40-028517,2023-WTW-14106-OE,,58994.0,OK,Garfield County,40047,Breckinridge,2015,57,98.1,GE Wind,GE1.7-103,1700.0,80.0,103.0,8332.29,131.4,0,,0,3,3,1/22/2017,Maxar,-97.620209,36.437016,1,False
3054437,40-028586,2023-WTW-14082-OE,,58994.0,OK,Garfield County,40047,Breckinridge,2015,57,98.1,GE Wind,GE1.7-103,1700.0,80.0,103.0,8332.29,131.4,0,,0,3,3,7/3/2015,Maxar,-97.706535,36.444595,1,False
3052231,40-028587,2023-WTW-14057-OE,,58994.0,OK,Garfield County,40047,Breckinridge,2015,57,98.1,GE Wind,GE1.7-103,1700.0,80.0,103.0,8332.29,131.4,0,,0,3,3,1/24/2017,Maxar,-97.731674,36.459343,1,False
3052252,40-028500,2023-WTW-14089-OE,,58994.0,OK,Garfield County,40047,Breckinridge,2015,57,98.1,GE Wind,GE1.7-103,1700.0,80.0,103.0,8332.29,131.4,0,,0,3,3,7/3/2015,Maxar,-97.686302,36.435524,1,False
3052250,40-028534,2023-WTW-14085-OE,,58994.0,OK,Garfield County,40047,Breckinridge,2015,57,98.1,GE Wind,GE1.7-103,1700.0,80.0,103.0,8332.29,131.4,0,,0,3,3,7/3/2015,Maxar,-97.691605,36.445244,1,False
3052235,40-028448,2023-WTW-14062-OE,,58994.0,OK,Garfield County,40047,Breckinridge,2015,57,98.1,GE Wind,GE1.7-103,1700.0,80.0,103.0,8332.29,131.4,0,,0,3,3,1/24/2017,Maxar,-97.703102,36.459175,1,False
3052253,40-028515,2023-WTW-14090-OE,,58994.0,OK,Garfield County,40047,Breckinridge,2015,57,98.1,GE Wind,GE1.7-103,1700.0,80.0,103.0,8332.29,131.4,0,,0,3,3,1/22/2017,Maxar,-97.673409,36.440201,1,False
3052241,40-028502,2023-WTW-14074-OE,,58994.0,OK,Garfield County,40047,Breckinridge,2015,57,98.1,GE Wind,GE1.7-103,1700.0,80.0,103.0,8332.29,131.4,0,,0,3,3,9/16/2015,Maxar,-97.638405,36.45401,1,False
3052237,40-028450,2023-WTW-14064-OE,,58994.0,OK,Garfield County,40047,Breckinridge,2015,57,98.1,GE Wind,GE1.7-103,1700.0,80.0,103.0,8332.29,131.4,0,,0,3,3,1/24/2017,Maxar,-97.69577,36.457054,1,False
3052230,40-028594,2023-WTW-14056-OE,,58994.0,OK,Garfield County,40047,Breckinridge,2015,57,98.1,GE Wind,GE1.7-103,1700.0,80.0,103.0,8332.29,131.4,0,,0,3,3,1/24/2017,Maxar,-97.735939,36.459232,1,False
3052242,40-028510,2023-WTW-14076-OE,,58994.0,OK,Garfield County,40047,Breckinridge,2015,57,98.1,GE Wind,GE1.7-103,1700.0,80.0,103.0,8332.29,131.4,0,,0,3,3,1/24/2017,Maxar,-97.743805,36.439404,1,False
3054433,40-028516,2023-WTW-14066-OE,,58994.0,OK,Garfield County,40047,Breckinridge,2015,57,98.1,GE Wind,GE1.7-103,1700.0,80.0,103.0,8332.29,131.4,0,,0,3,3,1/22/2017,Maxar,-97.67791,36.452744,1,False
3054436,40-028489,2023-WTW-14069-OE,,58994.0,OK,Garfield County,40047,Breckinridge,2015,57,98.1,GE Wind,GE1.7-103,1700.0,80.0,103.0,8332.29,131.4,0,,0,3,3,1/22/2017,Maxar,-97.669121,36.452023,1,False
3052245,40-028513,2023-WTW-14079-OE,,58994.0,OK,Garfield County,40047,Breckinridge,2015,57,98.1,GE Wind,GE1.7-103,1700.0,80.0,103.0,8332.29,131.4,0,,0,3,3,1/24/2017,Maxar,-97.725212,36.445034,1,False
3052248,40-028504,2023-WTW-14083-OE,,58994.0,OK,Garfield County,40047,Breckinridge,2015,57,98.1,GE Wind,GE1.7-103,1700.0,80.0,103.0,8332.29,131.4,0,,0,3,3,7/3/2015,Maxar,-97.699379,36.443325,1,False
3054442,40-028486,2023-WTW-14101-OE,,58994.0,OK,Garfield County,40047,Breckinridge,2015,57,98.1,GE Wind,GE1.7-103,1700.0,80.0,103.0,8332.29,131.4,0,,0,3,3,1/22/2017,Maxar,-97.614731,36.446613,1,False
3052259,40-028530,2023-WTW-14102-OE,,58994.0,OK,Garfield County,40047,Breckinridge,2015,57,98.1,GE Wind,GE1.7-103,1700.0,80.0,103.0,8332.29,131.4,0,,0,3,3,1/22/2017,Maxar,-97.644882,36.436382,1,False
3054443,40-028497,2023-WTW-14088-OE,,58994.0,OK,Garfield County,40047,Breckinridge,2015,57,98.1,GE Wind,GE1.7-103,1700.0,80.0,103.0,8332.29,131.4,0,,0,3,3,7/3/2015,Maxar,-97.690102,36.437542,1,False
3054434,40-028491,2023-WTW-14067-OE,,58994.0,OK,Garfield County,40047,Breckinridge,2015,57,98.1,GE Wind,GE1.7-103,1700.0,80.0,103.0,8332.29,131.4,0,,0,3,3,1/22/2017,Maxar,-97.673264,36.453156,1,False
3052260,40-028531,2023-WTW-14103-OE,,58994.0,OK,Garfield County,40047,Breckinridge,2015,57,98.1,GE Wind,GE1.7-103,1700.0,80.0,103.0,8332.29,131.4,0,,0,3,3,1/22/2017,Maxar,-97.629509,36.437443,1,False
3052261,40-028532,2023-WTW-14105-OE,,58994.0,OK,Garfield County,40047,Breckinridge,2015,57,98.1,GE Wind,GE1.7-103,1700.0,80.0,103.0,8332.29,131.4,0,,0,3,3,1/22/2017,Maxar,-97.624794,36.437233,1,False
3052238,40-028506,2023-WTW-14070-OE,,58994.0,OK,Garfield County,40047,Breckinridge,2015,57,98.1,GE Wind,GE1.7-103,1700.0,80.0,103.0,8332.29,131.4,0,,0,3,3,1/22/2017,Maxar,-97.665131,36.453964,1,False
3054428,40-028595,2023-WTW-14053-OE,,58994.0,OK,Garfield County,40047,Breckinridge,2015,57,98.1,GE Wind,GE1.7-103,1700.0,80.0,103.0,8332.29,131.4,0,,0,3,3,1/24/2017,Maxar,-97.748993,36.459545,1,False
3054431,40-028591,2023-WTW-14061-OE,,58994.0,OK,Garfield County,40047,Breckinridge,2015,57,98.1,GE Wind,GE1.7-103,1700.0,80.0,103.0,8332.29,131.4,0,,0,3,3,1/24/2017,Maxar,-97.70932,36.451523,1,False
3054435,40-028490,2023-WTW-14068-OE,,58994.0,OK,Garfield County,40047,Breckinridge,2015,57,98.1,GE Wind,GE1.7-103,1700.0,80.0,103.0,8332.29,131.4,0,,0,3,3,1/22/2017,Maxar,-97.670105,36.458385,1,False
3054440,40-028498,2023-WTW-14096-OE,,58994.0,OK,Garfield County,40047,Breckinridge,2015,57,98.1,GE Wind,GE1.7-103,1700.0,80.0,103.0,8332.29,131.4,0,,0,3,3,1/22/2017,Maxar,-97.637047,36.44426,1,False
3054438,40-028536,2023-WTW-14094-OE,,58994.0,OK,Garfield County,40047,Breckinridge,2015,57,98.1,GE Wind,GE1.7-103,1700.0,80.0,103.0,8332.29,131.4,0,,0,3,3,9/16/2015,Maxar,-97.646805,36.443935,1,False
3054449,40-028601,2023-WTW-14075-OE,,58994.0,OK,Garfield County,40047,Breckinridge,2015,57,98.1,GE Wind,GE1.7-103,1700.0,80.0,103.0,8332.29,131.4,0,,0,3,3,9/16/2015,Maxar,-97.629494,36.456234,1,False
3052255,40-028520,2023-WTW-14092-OE,,58994.0,OK,Garfield County,40047,Breckinridge,2015,57,98.1,GE Wind,GE1.7-103,1700.0,80.0,103.0,8332.29,131.4,0,,0,3,3,1/22/2017,Maxar,-97.664749,36.442745,1,False
3054453,40-028496,2023-WTW-14087-OE,,58994.0,OK,Garfield County,40047,Breckinridge,2015,57,98.1,GE Wind,GE1.7-103,1700.0,80.0,103.0,8332.29,131.4,0,,0,3,3,7/3/2015,Maxar,-97.697533,36.437752,1,False
3052240,40-028508,2023-WTW-14072-OE,,58994.0,OK,Garfield County,40047,Breckinridge,2015,57,98.1,GE Wind,GE1.7-103,1700.0,80.0,103.0,8332.29,131.4,0,,0,3,3,1/22/2017,Maxar,-97.649254,36.455982,1,False
3052243,40-028511,2023-WTW-14077-OE,,58994.0,OK,Garfield County,40047,Breckinridge,2015,57,98.1,GE Wind,GE1.7-103,1700.0,80.0,103.0,8332.29,131.4,0,,0,3,3,1/24/2017,Maxar,-97.739235,36.442753,1,False
3052233,40-028589,2023-WTW-14059-OE,,58994.0,OK,Garfield County,40047,Breckinridge,2015,57,98.1,GE Wind,GE1.7-103,1700.0,80.0,103.0,8332.29,131.4,0,,0,3,3,1/24/2017,Maxar,-97.718071,36.453934,1,False
3052266,40-028509,2023-WTW-14073-OE,,58994.0,OK,Garfield County,40047,Breckinridge,2015,57,98.1,GE Wind,GE1.7-103,1700.0,80.0,103.0,8332.29,131.4,0,,0,3,3,1/22/2017,Maxar,-97.64315,36.457584,1,False
3052234,40-028590,2023-WTW-14060-OE,,58994.0,OK,Garfield County,40047,Breckinridge,2015,57,98.1,GE Wind,GE1.7-103,1700.0,80.0,103.0,8332.29,131.4,0,,0,3,3,1/24/2017,Maxar,-97.713654,36.452763,1,False
3052249,40-028533,2023-WTW-14084-OE,,58994.0,OK,Garfield County,40047,Breckinridge,2015,57,98.1,GE Wind,GE1.7-103,1700.0,80.0,103.0,8332.29,131.4,0,,0,3,3,7/3/2015,Maxar,-97.695351,36.443325,1,False
3052232,40-028588,2023-WTW-14058-OE,,58994.0,OK,Garfield County,40047,Breckinridge,2015,57,98.1,GE Wind,GE1.7-103,1700.0,80.0,103.0,8332.29,131.4,0,,0,3,3,1/24/2017,Maxar,-97.726425,36.457485,1,False
3052247,40-028503,2023-WTW-14081-OE,,58994.0,OK,Garfield County,40047,Breckinridge,2015,57,98.1,GE Wind,GE1.7-103,1700.0,80.0,103.0,8332.29,131.4,0,,0,3,3,7/3/2015,Maxar,-97.7146,36.438942,1,False
3052236,40-028449,2023-WTW-14063-OE,,58994.0,OK,Garfield County,40047,Breckinridge,2015,57,98.1,GE Wind,GE1.7-103,1700.0,80.0,103.0,8332.29,131.4,0,,0,3,3,1/24/2017,Maxar,-97.6996,36.458122,1,False
3052257,40-028499,2023-WTW-14097-OE,,58994.0,OK,Garfield County,40047,Breckinridge,2015,57,98.1,GE Wind,GE1.7-103,1700.0,80.0,103.0,8332.29,131.4,0,,0,3,3,1/22/2017,Maxar,-97.632835,36.450695,1,False
3052254,40-028519,2023-WTW-14091-OE,,58994.0,OK,Garfield County,40047,Breckinridge,2015,57,98.1,GE Wind,GE1.7-103,1700.0,80.0,103.0,8332.29,131.4,0,,0,3,3,1/22/2017,Maxar,-97.669075,36.441883,1,False
3052251,40-028535,2023-WTW-14086-OE,,58994.0,OK,Garfield County,40047,Breckinridge,2015,57,98.1,GE Wind,GE1.7-103,1700.0,80.0,103.0,8332.29,131.4,0,,0,3,3,1/24/2017,Maxar,-97.688644,36.447052,1,False
3054441,40-028439,2023-WTW-14098-OE,,58994.0,OK,Garfield County,40047,Breckinridge,2015,57,98.1,GE Wind,GE1.7-103,1700.0,80.0,103.0,8332.29,131.4,0,,0,3,3,1/22/2017,Maxar,-97.627342,36.449562,1,False
3052258,40-028485,2023-WTW-14100-OE,,58994.0,OK,Garfield County,40047,Breckinridge,2015,57,98.1,GE Wind,GE1.7-103,1700.0,80.0,103.0,8332.29,131.4,0,,0,3,3,1/22/2017,Maxar,-97.620224,36.446133,1,False
3052267,40-028501,2023-WTW-14099-OE,,58994.0,OK,Garfield County,40047,Breckinridge,2015,57,98.1,GE Wind,GE1.7-103,1700.0,80.0,103.0,8332.29,131.4,0,,0,3,3,1/22/2017,Maxar,-97.624077,36.451622,1,False
3052244,40-028512,2023-WTW-14078-OE,,58994.0,OK,Garfield County,40047,Breckinridge,2015,57,98.1,GE Wind,GE1.7-103,1700.0,80.0,103.0,8332.29,131.4,0,,0,3,3,1/24/2017,Maxar,-97.73452,36.445225,1,False
3089481,40-081932,2018-WTW-4649-OE,,61926.0,OK,Garfield County,40047,Armadillo Flats,2018,126,247.275,GE Wind,GE2.3-116,2300.0,90.0,116.0,10568.32,148.1,0,,0,3,3,1/15/2019,Maxar,-97.516853,36.301064,2,False
3090270,40-081917,2018-WTW-4607-OE,,61926.0,OK,Garfield County,40047,Armadillo Flats,2018,126,247.275,GE Wind,GE1.79-100,1790.0,80.0,100.0,7853.98,130.1,0,,0,3,3,1/15/2019,Maxar,-97.612282,36.336399,3,False
3089377,40-081931,2018-WTW-4648-OE,,61926.0,OK,Garfield County,40047,Armadillo Flats,2018,126,247.275,GE Wind,GE2.3-116,2300.0,90.0,116.0,10568.32,148.1,0,,0,3,3,1/15/2019,Maxar,-97.522171,36.298641,2,False
3090377,40-081922,2018-WTW-4622-OE,,61926.0,OK,Garfield County,40047,Armadillo Flats,2018,126,247.275,GE Wind,GE1.79-100,1790.0,80.0,100.0,7853.98,130.1,0,,0,3,3,1/15/2019,Maxar,-97.512459,36.335072,3,False
3089727,40-084082,2018-WTW-4668-OE,,61926.0,OK,Garfield County,40047,Armadillo Flats,2018,126,247.275,GE Wind,GE2.3-116,2300.0,90.0,116.0,10568.32,148.1,0,,0,3,3,1/15/2019,Maxar,-97.52829,36.287582,2,False
3089533,40-081933,2018-WTW-4655-OE,,61926.0,OK,Garfield County,40047,Armadillo Flats,2018,126,247.275,GE Wind,GE2.3-116,2300.0,90.0,116.0,10568.32,148.1,0,,0,3,3,1/15/2019,Maxar,-97.526085,36.293278,2,False
3089206,40-084067,2018-WTW-4614-OE,,61926.0,OK,Garfield County,40047,Armadillo Flats,2018,126,247.275,GE Wind,GE2.3-116,2300.0,90.0,116.0,10568.32,148.1,0,,0,3,3,1/15/2019,Maxar,-97.570381,36.338253,2,False
3088152,40-079060,2018-WTW-4678-OE,,61926.0,OK,Garfield County,40047,Armadillo Flats,2018,126,247.275,GE Wind,GE1.79-100,1790.0,80.0,100.0,7853.98,130.1,0,,0,3,3,3/19/2019,Maxar,-97.539841,36.278843,3,False
3088863,40-081950,2018-WTW-4601-OE,,61926.0,OK,Garfield County,40047,Armadillo Flats,2018,126,247.275,GE Wind,GE2.3-116,2300.0,90.0,116.0,10568.32,148.1,0,,0,3,3,1/15/2019,Maxar,-97.534729,36.345455,2,False
3088958,40-081946,2018-WTW-4638-OE,,61926.0,OK,Garfield County,40047,Armadillo Flats,2018,126,247.275,GE Wind,GE2.3-116,2300.0,90.0,116.0,10568.32,148.1,0,,0,3,3,1/15/2019,Maxar,-97.530754,36.324726,2,False
3089474,40-084074,2018-WTW-4626-OE,,61926.0,OK,Garfield County,40047,Armadillo Flats,2018,126,247.275,GE Wind,GE1.79-100,1790.0,80.0,100.0,7853.98,130.1,0,,0,3,3,1/15/2019,Maxar,-97.642059,36.330929,3,False
3089211,40-084081,2018-WTW-4654-OE,,61926.0,OK,Garfield County,40047,Armadillo Flats,2018,126,247.275,GE Wind,GE2.3-116,2300.0,90.0,116.0,10568.32,148.1,0,,0,3,3,1/15/2019,Maxar,-97.530884,36.295757,2,False
3089488,40-084078,2018-WTW-4639-OE,,61926.0,OK,Garfield County,40047,Armadillo Flats,2018,126,247.275,GE Wind,GE2.3-116,2300.0,90.0,116.0,10568.32,148.1,0,,0,3,3,1/15/2019,Maxar,-97.525566,36.323952,2,False
3087819,40-079070,2018-WTW-4687-OE,,61926.0,OK,Garfield County,40047,Armadillo Flats,2018,126,247.275,GE Wind,GE1.79-100,1790.0,80.0,100.0,7853.98,130.1,0,,0,3,3,1/15/2019,Maxar,-97.530708,36.26622,3,False
3089479,40-081936,2018-WTW-15906-OE,,61926.0,OK,Garfield County,40047,Armadillo Flats,2018,126,247.275,GE Wind,GE1.79-100,1790.0,80.0,100.0,7853.98,130.1,0,,0,3,3,1/15/2019,Maxar,-97.522255,36.305908,3,False
3089375,40-084070,2018-WTW-4617-OE,,61926.0,OK,Garfield County,40047,Armadillo Flats,2018,126,247.275,GE Wind,GE2.3-116,2300.0,90.0,116.0,10568.32,148.1,0,,0,3,3,1/15/2019,Maxar,-97.544456,36.334728,2,False
3089493,40-079302,2018-WTW-4595-OE,,61926.0,OK,Garfield County,40047,Armadillo Flats,2018,126,247.275,GE Wind,GE1.79-100,1790.0,80.0,100.0,7853.98,130.1,0,,0,3,3,1/15/2019,Maxar,-97.619492,36.341751,3,False
3088916,40-084057,2018-WTW-4587-OE,,61926.0,OK,Garfield County,40047,Armadillo Flats,2018,126,247.275,GE Wind,GE2.3-116,2300.0,90.0,116.0,10568.32,148.1,0,,0,3,3,1/15/2019,Maxar,-97.530136,36.352558,2,False
3088153,40-079057,2018-WTW-4675-OE,,61926.0,OK,Garfield County,40047,Armadillo Flats,2018,126,247.275,GE Wind,GE1.79-100,1790.0,80.0,100.0,7853.98,130.1,0,,0,3,3,9/22/2018,Maxar,-97.548828,36.28199,3,False
3088867,40-081954,2018-WTW-4600-OE,,61926.0,OK,Garfield County,40047,Armadillo Flats,2018,126,247.275,GE Wind,GE2.3-116,2300.0,90.0,116.0,10568.32,148.1,0,,0,3,3,1/15/2019,Maxar,-97.53923,36.342121,2,False
3089067,40-084065,2018-WTW-15901-OE,,61926.0,OK,Garfield County,40047,Armadillo Flats,2018,126,247.275,GE Wind,GE2.3-116,2300.0,90.0,116.0,10568.32,148.1,0,,0,3,3,1/15/2019,Maxar,-97.595436,36.336594,2,False
3089651,40-084056,2018-WTW-4586-OE,,61926.0,OK,Garfield County,40047,Armadillo Flats,2018,126,247.275,GE Wind,GE2.3-116,2300.0,90.0,116.0,10568.32,148.1,0,,0,3,3,1/15/2019,Maxar,-97.516495,36.364464,2,False
3089607,40-081923,2018-WTW-4628-OE,,61926.0,OK,Garfield County,40047,Armadillo Flats,2018,126,247.275,GE Wind,GE1.79-100,1790.0,80.0,100.0,7853.98,130.1,0,,0,3,3,1/15/2019,Maxar,-97.646835,36.323586,3,False
3088660,40-079200,2018-WTW-4605-OE,,61926.0,OK,Garfield County,40047,Armadillo Flats,2018,126,247.275,GE Wind,GE2.3-116,2300.0,90.0,116.0,10568.32,148.1,0,,0,3,3,1/15/2019,Maxar,-97.641617,36.338081,2,False
3089609,40-079154,2018-WTW-4697-OE,,61926.0,OK,Garfield County,40047,Armadillo Flats,2018,126,247.275,GE Wind,GE1.79-100,1790.0,80.0,100.0,7853.98,130.1,0,,0,3,3,1/15/2019,Maxar,-97.535805,36.258667,3,False
3089523,40-079043,2018-WTW-13366-OE,,61926.0,OK,Garfield County,40047,Armadillo Flats,2018,126,247.275,GE Wind,GE1.715-103,1715.0,80.0,103.0,8332.29,131.4,0,,0,3,3,1/15/2019,Maxar,-97.610939,36.294113,1,False
3089466,40-084086,2018-WTW-4693-OE,,61926.0,OK,Garfield County,40047,Armadillo Flats,2018,126,247.275,GE Wind,GE1.79-100,1790.0,80.0,100.0,7853.98,130.1,0,,0,3,3,1/15/2019,Maxar,-97.507103,36.263378,3,False
3088837,40-084060,2018-WTW-4599-OE,,61926.0,OK,Garfield County,40047,Armadillo Flats,2018,126,247.275,GE Wind,GE2.3-116,2300.0,90.0,116.0,10568.32,148.1,0,,0,3,3,1/15/2019,Maxar,-97.543747,36.344193,2,False
3089646,40-079221,2018-WTW-4709-OE,,61926.0,OK,Garfield County,40047,Armadillo Flats,2018,126,247.275,GE Wind,GE1.79-100,1790.0,80.0,100.0,7853.98,130.1,0,,0,3,3,1/15/2019,Maxar,-97.516998,36.233276,3,False
3088746,40-081951,2018-WTW-4645-OE,,61926.0,OK,Garfield County,40047,Armadillo Flats,2018,126,247.275,GE Wind,GE2.3-116,2300.0,90.0,116.0,10568.32,148.1,0,,0,3,3,1/15/2019,Maxar,-97.539902,36.299545,2,False
3089335,40-081919,2018-WTW-4619-OE,,61926.0,OK,Garfield County,40047,Armadillo Flats,2018,126,247.275,GE Wind,GE2.3-116,2300.0,90.0,116.0,10568.32,148.1,0,,0,3,3,1/15/2019,Maxar,-97.524193,36.337933,2,False
3089503,40-084062,2018-WTW-4603-OE,,61926.0,OK,Garfield County,40047,Armadillo Flats,2018,126,247.275,GE Wind,GE2.3-116,2300.0,90.0,116.0,10568.32,148.1,0,,0,3,3,1/15/2019,Maxar,-97.51635,36.343063,2,False
3089122,40-079155,2018-WTW-4590-OE,,61926.0,OK,Garfield County,40047,Armadillo Flats,2018,126,247.275,GE Wind,GE1.79-100,1790.0,80.0,100.0,7853.98,130.1,0,,0,3,3,1/15/2019,Maxar,-97.637787,36.34853,3,False
3088799,40-081930,2018-WTW-4647-OE,,61926.0,OK,Garfield County,40047,Armadillo Flats,2018,126,247.275,GE Wind,GE1.79-100,1790.0,80.0,100.0,7853.98,130.1,0,,0,3,3,1/15/2019,Maxar,-97.525169,36.301357,3,False
3088294,40-079061,2018-WTW-4679-OE,,61926.0,OK,Garfield County,40047,Armadillo Flats,2018,126,247.275,GE Wind,GE1.79-100,1790.0,80.0,100.0,7853.98,130.1,0,,0,3,3,3/19/2019,Maxar,-97.535141,36.27821,3,False
3089225,40-084059,2018-WTW-4598-OE,,61926.0,OK,Garfield County,40047,Armadillo Flats,2018,126,247.275,GE Wind,GE2.3-116,2300.0,90.0,116.0,10568.32,148.1,0,,0,3,3,1/15/2019,Maxar,-97.580002,36.343521,2,False
3089553,40-081935,2018-WTW-15905-OE,,61926.0,OK,Garfield County,40047,Armadillo Flats,2018,126,247.275,GE Wind,GE2.3-116,2300.0,90.0,116.0,10568.32,148.1,0,,0,3,3,1/15/2019,Maxar,-97.507896,36.294983,2,False
3089411,40-084080,2018-WTW-4653-OE,,61926.0,OK,Garfield County,40047,Armadillo Flats,2018,126,247.275,GE Wind,GE2.3-116,2300.0,90.0,116.0,10568.32,148.1,0,,0,3,3,1/15/2019,Maxar,-97.536842,36.291168,2,False
3088603,40-081924,2018-WTW-4629-OE,,61926.0,OK,Garfield County,40047,Armadillo Flats,2018,126,247.275,GE Wind,GE1.79-100,1790.0,80.0,100.0,7853.98,130.1,0,,0,3,3,1/15/2019,Maxar,-97.641922,36.321609,3,False
3089249,40-079151,2018-WTW-4591-OE,,61926.0,OK,Garfield County,40047,Armadillo Flats,2018,126,247.275,GE Wind,GE1.79-100,1790.0,80.0,100.0,7853.98,130.1,0,,0,3,3,1/15/2019,Maxar,-97.634338,36.349106,3,False
3087846,40-079145,2018-WTW-4703-OE,,61926.0,OK,Garfield County,40047,Armadillo Flats,2018,126,247.275,GE Wind,GE1.79-100,1790.0,80.0,100.0,7853.98,130.1,0,,0,3,3,1/15/2019,Maxar,-97.5205,36.241096,3,False
3088364,40-079063,2018-WTW-4681-OE,,61926.0,OK,Garfield County,40047,Armadillo Flats,2018,126,247.275,GE Wind,GE1.79-100,1790.0,80.0,100.0,7853.98,130.1,0,,0,3,3,1/15/2019,Maxar,-97.53968,36.270134,3,False
3089195,40-079202,2018-WTW-4690-OE,,61926.0,OK,Garfield County,40047,Armadillo Flats,2018,126,247.275,GE Wind,GE2.3-116,2300.0,90.0,116.0,10568.32,148.1,0,,0,3,3,1/15/2019,Maxar,-97.517433,36.266041,2,False
3089802,40-081934,2018-WTW-4657-OE,,61926.0,OK,Garfield County,40047,Armadillo Flats,2018,126,247.275,GE Wind,GE1.79-100,1790.0,80.0,100.0,7853.98,130.1,0,,0,3,3,1/15/2019,Maxar,-97.512787,36.294884,3,False
3089816,40-081925,2018-WTW-4630-OE,,61926.0,OK,Garfield County,40047,Armadillo Flats,2018,126,247.275,GE Wind,GE1.79-100,1790.0,80.0,100.0,7853.98,130.1,0,,0,3,3,1/15/2019,Maxar,-97.634979,36.321213,3,False
3088090,40-079062,2018-WTW-4680-OE,,61926.0,OK,Garfield County,40047,Armadillo Flats,2018,126,247.275,GE Wind,GE1.79-100,1790.0,80.0,100.0,7853.98,130.1,0,,0,3,3,3/19/2019,Maxar,-97.530518,36.277966,3,False
3089226,40-081926,2018-WTW-4640-OE,,61926.0,OK,Garfield County,40047,Armadillo Flats,2018,126,247.275,GE Wind,GE1.79-100,1790.0,80.0,100.0,7853.98,130.1,0,,0,3,3,1/15/2019,Maxar,-97.525116,36.313305,3,False
3089898,40-079228,2018-WTW-4632-OE,,61926.0,OK,Garfield County,40047,Armadillo Flats,2018,126,247.275,GE Wind,GE1.79-100,1790.0,80.0,100.0,7853.98,130.1,0,,0,3,3,1/15/2019,Maxar,-97.615082,36.321609,3,False
3089205,40-084073,2018-WTW-4625-OE,,61926.0,OK,Garfield County,40047,Armadillo Flats,2018,126,247.275,GE Wind,GE1.79-100,1790.0,80.0,100.0,7853.98,130.1,0,,0,3,3,1/15/2019,Maxar,-97.498894,36.334202,3,False
3089310,40-079220,2018-WTW-4701-OE,,61926.0,OK,Garfield County,40047,Armadillo Flats,2018,126,247.275,GE Wind,GE1.79-100,1790.0,80.0,100.0,7853.98,130.1,0,,0,3,3,1/15/2019,Maxar,-97.507904,36.256905,3,False
3089634,40-084068,2018-WTW-15902-OE,,61926.0,OK,Garfield County,40047,Armadillo Flats,2018,126,247.275,GE Wind,GE2.3-116,2300.0,90.0,116.0,10568.32,148.1,0,,0,3,3,1/15/2019,Maxar,-97.561783,36.334435,2,False
3089234,40-079153,2018-WTW-4708-OE,,61926.0,OK,Garfield County,40047,Armadillo Flats,2018,126,247.275,GE Wind,GE1.79-100,1790.0,80.0,100.0,7853.98,130.1,0,,0,3,3,1/15/2019,Maxar,-97.520897,36.233299,3,False
3088305,40-079069,2018-WTW-4683-OE,,61926.0,OK,Garfield County,40047,Armadillo Flats,2018,126,247.275,GE Wind,GE1.79-100,1790.0,80.0,100.0,7853.98,130.1,0,,0,3,3,1/15/2019,Maxar,-97.528328,36.273468,3,False
3090379,40-084079,2018-WTW-4644-OE,,61926.0,OK,Garfield County,40047,Armadillo Flats,2018,126,247.275,GE Wind,GE1.79-100,1790.0,80.0,100.0,7853.98,130.1,0,,0,3,3,1/15/2019,Maxar,-97.517403,36.308372,3,False
3089487,40-081918,2018-WTW-4608-OE,,61926.0,OK,Garfield County,40047,Armadillo Flats,2018,126,247.275,GE Wind,GE1.79-100,1790.0,80.0,100.0,7853.98,130.1,0,,0,3,3,1/15/2019,Maxar,-97.608925,36.338192,3,False
3088732,40-084064,2018-WTW-4606-OE,,61926.0,OK,Garfield County,40047,Armadillo Flats,2018,126,247.275,GE Wind,GE1.79-100,1790.0,80.0,100.0,7853.98,130.1,0,,0,3,3,1/15/2019,Maxar,-97.628143,36.336945,3,False
3089044,40-081927,2018-WTW-4641-OE,,61926.0,OK,Garfield County,40047,Armadillo Flats,2018,126,247.275,GE Wind,GE1.79-100,1790.0,80.0,100.0,7853.98,130.1,0,,0,3,3,1/15/2019,Maxar,-97.521767,36.312836,3,False
3089268,40-079204,2018-WTW-4609-OE,,61926.0,OK,Garfield County,40047,Armadillo Flats,2018,126,247.275,GE Wind,GE2.3-116,2300.0,90.0,116.0,10568.32,148.1,0,,0,3,3,1/15/2019,Maxar,-97.600105,36.337944,2,False
3090025,40-079227,2018-WTW-4631-OE,,61926.0,OK,Garfield County,40047,Armadillo Flats,2018,126,247.275,GE Wind,GE1.79-100,1790.0,80.0,100.0,7853.98,130.1,0,,0,3,3,1/15/2019,Maxar,-97.629677,36.32338,3,False
3089669,40-084061,2018-WTW-4602-OE,,61926.0,OK,Garfield County,40047,Armadillo Flats,2018,126,247.275,GE Wind,GE2.3-116,2300.0,90.0,116.0,10568.32,148.1,0,,0,3,3,1/15/2019,Maxar,-97.520111,36.344391,2,False
3089075,40-084076,2018-WTW-4636-OE,,61926.0,OK,Garfield County,40047,Armadillo Flats,2018,126,247.275,GE Wind,GE2.3-116,2300.0,90.0,116.0,10568.32,148.1,0,,0,3,3,1/15/2019,Maxar,-97.545219,36.327263,2,False
3090231,40-079199,2018-WTW-4604-OE,,61926.0,OK,Garfield County,40047,Armadillo Flats,2018,126,247.275,GE Wind,GE1.79-100,1790.0,80.0,100.0,7853.98,130.1,0,,0,3,3,1/15/2019,Maxar,-97.646584,36.334824,3,False
3088493,40-079067,2018-WTW-4710-OE,,61926.0,OK,Garfield County,40047,Armadillo Flats,2018,126,247.275,GE Wind,GE1.79-100,1790.0,80.0,100.0,7853.98,130.1,0,,0,3,3,9/22/2018,Maxar,-97.570885,36.281479,3,False
3088291,40-079136,2018-WTW-4699-OE,,61926.0,OK,Garfield County,40047,Armadillo Flats,2018,126,247.275,GE Wind,GE1.79-100,1790.0,80.0,100.0,7853.98,130.1,0,,0,3,3,1/15/2019,Maxar,-97.526337,36.255135,3,False
3088140,40-079135,2018-WTW-4698-OE,,61926.0,OK,Garfield County,40047,Armadillo Flats,2018,126,247.275,GE Wind,GE1.79-100,1790.0,80.0,100.0,7853.98,130.1,0,,0,3,3,1/15/2019,Maxar,-97.530746,36.255924,3,False
3089671,40-079223,2018-WTW-4700-OE,,61926.0,OK,Garfield County,40047,Armadillo Flats,2018,126,247.275,GE Wind,GE1.79-100,1790.0,80.0,100.0,7853.98,130.1,0,,0,3,3,1/15/2019,Maxar,-97.511452,36.255791,3,False
3088615,40-081947,2018-WTW-4646-OE,,61926.0,OK,Garfield County,40047,Armadillo Flats,2018,126,247.275,GE Wind,GE2.3-116,2300.0,90.0,116.0,10568.32,148.1,0,,0,3,3,1/15/2019,Maxar,-97.535095,36.300163,2,False
3089849,40-081955,2018-WTW-4612-OE,,61926.0,OK,Garfield County,40047,Armadillo Flats,2018,126,247.275,GE Wind,GE2.3-116,2300.0,90.0,116.0,10568.32,148.1,0,,0,3,3,1/15/2019,Maxar,-97.577766,36.335121,2,False
3089386,40-084083,2018-WTW-4669-OE,,61926.0,OK,Garfield County,40047,Armadillo Flats,2018,126,247.275,GE Wind,GE2.3-116,2300.0,90.0,116.0,10568.32,148.1,0,,0,3,3,1/15/2019,Maxar,-97.52285,36.28714,2,False
3088653,40-081956,2018-WTW-4635-OE,,61926.0,OK,Garfield County,40047,Armadillo Flats,2018,126,247.275,GE Wind,GE2.3-116,2300.0,90.0,116.0,10568.32,148.1,0,,0,3,3,1/15/2019,Maxar,-97.552521,36.324238,2,False
3088805,40-079152,2018-WTW-4592-OE,,61926.0,OK,Garfield County,40047,Armadillo Flats,2018,126,247.275,GE Wind,GE1.79-100,1790.0,80.0,100.0,7853.98,130.1,0,,0,3,3,1/15/2019,Maxar,-97.629967,36.350929,3,False
3089380,40-079201,2018-WTW-4691-OE,,61926.0,OK,Garfield County,40047,Armadillo Flats,2018,126,247.275,GE Wind,GE1.715-103,1715.0,80.0,103.0,8332.29,131.4,0,,0,3,3,1/15/2019,Maxar,-97.513176,36.268726,1,False
3089495,40-079198,2018-WTW-4593-OE,,61926.0,OK,Garfield County,40047,Armadillo Flats,2018,126,247.275,GE Wind,GE2.3-116,2300.0,90.0,116.0,10568.32,148.1,0,,0,3,3,1/15/2019,Maxar,-97.646858,36.342945,2,False
3090358,40-079143,2018-WTW-4695-OE,,61926.0,OK,Garfield County,40047,Armadillo Flats,2018,126,247.275,GE Wind,GE1.79-100,1790.0,80.0,100.0,7853.98,130.1,0,,0,3,3,1/15/2019,Maxar,-97.544434,36.257854,3,False
3089251,40-079147,2018-WTW-4702-OE,,61926.0,OK,Garfield County,40047,Armadillo Flats,2018,126,247.275,GE Wind,GE1.79-100,1790.0,80.0,100.0,7853.98,130.1,0,,0,3,3,1/15/2019,Maxar,-97.545029,36.247559,3,False
3089298,40-084075,2018-WTW-4634-OE,,61926.0,OK,Garfield County,40047,Armadillo Flats,2018,126,247.275,GE Wind,GE2.3-116,2300.0,90.0,116.0,10568.32,148.1,0,,0,3,3,1/15/2019,Maxar,-97.55761,36.323929,2,False
3087796,40-079068,2018-WTW-4711-OE,,61926.0,OK,Garfield County,40047,Armadillo Flats,2018,126,247.275,GE Wind,GE1.79-100,1790.0,80.0,100.0,7853.98,130.1,0,,0,3,3,9/22/2018,Maxar,-97.601158,36.265926,3,False
3088780,40-079229,2018-WTW-4633-OE,,61926.0,OK,Garfield County,40047,Armadillo Flats,2018,126,247.275,GE Wind,GE1.79-100,1790.0,80.0,100.0,7853.98,130.1,0,,0,3,3,1/15/2019,Maxar,-97.610458,36.322308,3,False
3088047,40-079071,2018-WTW-4688-OE,,61926.0,OK,Garfield County,40047,Armadillo Flats,2018,126,247.275,GE Wind,GE1.79-100,1790.0,80.0,100.0,7853.98,130.1,0,,0,3,3,1/15/2019,Maxar,-97.525436,36.266785,3,False
3089068,40-084055,2018-WTW-4585-OE,,61926.0,OK,Garfield County,40047,Armadillo Flats,2018,126,247.275,GE Wind,GE2.3-116,2300.0,90.0,116.0,10568.32,148.1,0,,0,3,3,1/15/2019,Maxar,-97.52079,36.363419,2,False
3089083,40-081949,2018-WTW-4670-OE,,61926.0,OK,Garfield County,40047,Armadillo Flats,2018,126,247.275,GE Wind,GE2.3-116,2300.0,90.0,116.0,10568.32,148.1,0,,0,3,3,1/15/2019,Maxar,-97.509247,36.286774,2,False
3088110,40-079058,2018-WTW-4676-OE,,61926.0,OK,Garfield County,40047,Armadillo Flats,2018,126,247.275,GE Wind,GE1.79-100,1790.0,80.0,100.0,7853.98,130.1,0,,0,3,3,9/22/2018,Maxar,-97.547333,36.276527,3,False
3090388,40-081921,2018-WTW-4621-OE,,61926.0,OK,Garfield County,40047,Armadillo Flats,2018,126,247.275,GE Wind,GE2.3-116,2300.0,90.0,116.0,10568.32,148.1,0,,0,3,3,1/15/2019,Maxar,-97.516891,36.335232,2,False
3090384,40-084077,2018-WTW-15904-OE,,61926.0,OK,Garfield County,40047,Armadillo Flats,2018,126,247.275,GE Wind,GE2.3-116,2300.0,90.0,116.0,10568.32,148.1,0,,0,3,3,1/15/2019,Maxar,-97.539047,36.329086,2,False
3087844,40-079144,2018-WTW-4696-OE,,61926.0,OK,Garfield County,40047,Armadillo Flats,2018,126,247.275,GE Wind,GE1.79-100,1790.0,80.0,100.0,7853.98,130.1,0,,0,3,3,1/15/2019,Maxar,-97.53981,36.255535,3,False
3089118,40-079203,2018-WTW-4689-OE,,61926.0,OK,Garfield County,40047,Armadillo Flats,2018,126,247.275,GE Wind,GE2.3-116,2300.0,90.0,116.0,10568.32,148.1,0,,0,3,3,1/15/2019,Maxar,-97.521194,36.262295,2,False
3090387,40-084084,2018-WTW-4682-OE,,61926.0,OK,Garfield County,40047,Armadillo Flats,2018,126,247.275,GE Wind,GE1.79-100,1790.0,80.0,100.0,7853.98,130.1,0,,0,3,3,1/15/2019,Maxar,-97.534821,36.269688,3,False
3089222,40-084058,2018-WTW-4588-OE,,61926.0,OK,Garfield County,40047,Armadillo Flats,2018,126,247.275,GE Wind,GE2.3-116,2300.0,90.0,116.0,10568.32,148.1,0,,0,3,3,1/15/2019,Maxar,-97.525612,36.35276,2,False
3088902,40-079224,2018-WTW-14356-OE,,,OK,Garfield County,40047,Armadillo Flats,2018,126,247.275,GE Wind,GE1.79-100,1790.0,80.0,100.0,7853.98,130.1,0,,0,3,3,1/15/2019,Maxar,-97.632828,36.328815,3,False
3089805,40-079226,2018-WTW-4597-OE,,61926.0,OK,Garfield County,40047,Armadillo Flats,2018,126,247.275,GE Wind,GE1.79-100,1790.0,80.0,100.0,7853.98,130.1,0,,0,3,3,1/15/2019,Maxar,-97.591728,36.342777,3,False
3088132,40-079059,2018-WTW-4677-OE,,61926.0,OK,Garfield County,40047,Armadillo Flats,2018,126,247.275,GE Wind,GE1.79-100,1790.0,80.0,100.0,7853.98,130.1,0,,0,3,3,3/19/2019,Maxar,-97.544273,36.280651,3,False
3088747,40-081945,2018-WTW-4589-OE,,61926.0,OK,Garfield County,40047,Armadillo Flats,2018,126,247.275,GE Wind,GE2.3-116,2300.0,90.0,116.0,10568.32,148.1,0,,0,3,3,1/15/2019,Maxar,-97.518478,36.351891,2,False
3089475,40-084066,2018-WTW-4613-OE,,61926.0,OK,Garfield County,40047,Armadillo Flats,2018,126,247.275,GE Wind,GE2.3-116,2300.0,90.0,116.0,10568.32,148.1,0,,0,3,3,1/15/2019,Maxar,-97.573822,36.335201,2,False
3089814,40-084085,2018-WTW-4692-OE,,61926.0,OK,Garfield County,40047,Armadillo Flats,2018,126,247.275,GE Wind,GE1.79-100,1790.0,80.0,100.0,7853.98,130.1,0,,0,3,3,1/15/2019,Maxar,-97.509666,36.270103,3,False
3089613,40-081948,2018-WTW-4656-OE,,61926.0,OK,Garfield County,40047,Armadillo Flats,2018,126,247.275,GE Wind,GE2.3-116,2300.0,90.0,116.0,10568.32,148.1,0,,0,3,3,1/15/2019,Maxar,-97.518875,36.292652,2,False
3089145,40-081920,2018-WTW-4620-OE,,61926.0,OK,Garfield County,40047,Armadillo Flats,2018,126,247.275,GE Wind,GE1.79-100,1790.0,80.0,100.0,7853.98,130.1,0,,0,3,3,1/15/2019,Maxar,-97.520454,36.337055,3,False
3089638,40-084071,2018-WTW-15903-OE,,61926.0,OK,Garfield County,40047,Armadillo Flats,2018,126,247.275,GE Wind,GE2.3-116,2300.0,90.0,116.0,10568.32,148.1,0,,0,3,3,1/15/2019,Maxar,-97.507942,36.337666,2,False
3090373,40-081929,2018-WTW-4643-OE,,61926.0,OK,Garfield County,40047,Armadillo Flats,2018,126,247.275,GE Wind,GE1.79-100,1790.0,80.0,100.0,7853.98,130.1,0,,0,3,3,1/15/2019,Maxar,-97.527283,36.30751,3,False
3089484,40-081928,2018-WTW-4642-OE,,61926.0,OK,Garfield County,40047,Armadillo Flats,2018,126,247.275,GE Wind,GE1.79-100,1790.0,80.0,100.0,7853.98,130.1,0,,0,3,3,1/15/2019,Maxar,-97.516846,36.31636,3,False
3089163,40-079303,2018-WTW-4596-OE,,61926.0,OK,Garfield County,40047,Armadillo Flats,2018,126,247.275,GE Wind,GE1.79-100,1790.0,80.0,100.0,7853.98,130.1,0,,0,3,3,1/15/2019,Maxar,-97.615379,36.345432,3,False
3089180,40-084072,2018-WTW-4624-OE,,61926.0,OK,Garfield County,40047,Armadillo Flats,2018,126,247.275,GE Wind,GE1.79-100,1790.0,80.0,100.0,7853.98,130.1,0,,0,3,3,1/15/2019,Maxar,-97.503601,36.335072,3,False
3089494,40-079219,2018-WTW-4611-OE,,61926.0,OK,Garfield County,40047,Armadillo Flats,2018,126,247.275,GE Wind,GE1.79-100,1790.0,80.0,100.0,7853.98,130.1,0,,0,3,3,1/15/2019,Maxar,-97.590797,36.330975,3,False
3089021,40-084069,2018-WTW-4616-OE,,61926.0,OK,Garfield County,40047,Armadillo Flats,2018,126,247.275,GE Wind,GE2.3-116,2300.0,90.0,116.0,10568.32,148.1,0,,0,3,3,1/15/2019,Maxar,-97.54805,36.33419,2,False
3088655,40-079156,2018-WTW-4594-OE,,61926.0,OK,Garfield County,40047,Armadillo Flats,2018,126,247.275,GE Wind,GE1.79-100,1790.0,80.0,100.0,7853.98,130.1,0,,0,3,3,1/15/2019,Maxar,-97.64267,36.345322,3,False
3089519,40-079050,2018-WTW-13373-OE,,,OK,Garfield County,40047,unknown Garfield County,2018,126,247.275,,,,,,,,0,,0,1,3,1/15/2019,Maxar,-97.59597,36.280277,2,True
3088580,40-079055,2018-WTW-13378-OE,,,OK,Garfield County,40047,unknown Garfield County,2018,126,247.275,,,,,,,,0,,0,1,3,9/22/2018,Maxar,-97.566315,36.279404,2,True
3088581,40-079056,2018-WTW-13379-OE,,,OK,Garfield County,40047,unknown Garfield County,2018,126,247.275,,,,,,,,0,,0,1,3,9/22/2018,Maxar,-97.56189,36.278503,2,True
3088642,40-079046,2018-WTW-13369-OE,,,OK,Garfield County,40047,unknown Garfield County,2018,126,247.275,,,,,,,,0,,0,1,3,1/15/2019,Maxar,-97.614799,36.284866,2,True
3088869,40-079042,2018-WTW-13365-OE,,,OK,Garfield County,40047,unknown Garfield County,2018,126,247.275,,,,,,,,0,,0,1,3,1/15/2019,Maxar,-97.628143,36.301247,2,True
3089520,40-079049,2018-WTW-13372-OE,,,OK,Garfield County,40047,unknown Garfield County,2018,126,247.275,,,,,,,,0,,0,1,3,1/15/2019,Maxar,-97.600632,36.279427,2,True
3089521,40-079044,2018-WTW-13367-OE,,,OK,Garfield County,40047,unknown Garfield County,2018,126,247.275,,,,,,,,0,,0,1,3,1/15/2019,Maxar,-97.628853,36.284416,2,True
3088883,40-079137,2018-WTW-13805-OE,,,OK,Garfield County,40047,unknown Garfield County,2018,126,247.275,,,,,,,,0,,0,1,3,1/15/2019,Maxar,-97.511772,36.243938,2,True
3089590,40-079047,2018-WTW-13370-OE,,,OK,Garfield County,40047,unknown Garfield County,2018,126,247.275,,,,,,,,0,,0,1,3,1/15/2019,Maxar,-97.610901,36.285957,2,True
3088578,40-079052,2018-WTW-13375-OE,,,OK,Garfield County,40047,unknown Garfield County,2018,126,247.275,,,,,,,,0,,0,1,3,9/22/2018,Maxar,-97.559952,36.28653,2,True
3089045,40-079041,2018-WTW-13364-OE,,,OK,Garfield County,40047,unknown Garfield County,2018,126,247.275,,,,,,,,0,,0,1,3,1/15/2019,Maxar,-97.628998,36.294106,2,True
3089166,40-079051,2018-WTW-13374-OE,,,OK,Garfield County,40047,unknown Garfield County,2018,126,247.275,,,,,,,,0,,0,1,3,1/15/2019,Maxar,-97.591087,36.279415,2,True
3089790,40-079045,2018-WTW-13368-OE,,,OK,Garfield County,40047,unknown Garfield County,2018,126,247.275,,,,,,,,0,,0,1,3,1/15/2019,Maxar,-97.619331,36.284866,2,True
3139905,,2023-WTW-4121-OE,,,OK,Garfield County,40047,unknown Garfield County,2025,23,,,,,,,,,0,,0,1,1,2/13/2023,Maxar,-97.464767,36.18552,2,True
3089512,40-079139,2018-WTW-13807-OE,,,OK,Garfield County,40047,unknown Garfield County,2018,126,247.275,,,,,,,,0,,0,1,3,1/15/2019,Maxar,-97.503876,36.248409,2,True
3089635,40-079048,2018-WTW-13371-OE,,,OK,Garfield County,40047,unknown Garfield County,2018,126,247.275,,,,,,,,0,,0,1,3,1/15/2019,Maxar,-97.605949,36.283554,2,True
3089204,40-079066,2018-WTW-13382-OE,,,OK,Garfield County,40047,unknown Garfield County,2018,126,247.275,,,,,,,,0,,0,1,3,1/15/2019,Maxar,-97.579346,36.2645,2,True
3088576,40-079064,2018-WTW-13380-OE,,,OK,Garfield County,40047,unknown Garfield County,2018,126,247.275,,,,,,,,0,,0,1,3,9/22/2018,Maxar,-97.596085,36.265858,2,True
3089517,40-079053,2018-WTW-13376-OE,,,OK,Garfield County,40047,unknown Garfield County,2018,126,247.275,,,,,,,,0,,0,1,3,1/15/2019,Maxar,-97.581566,36.271893,2,True
3088579,40-079054,2018-WTW-13377-OE,,,OK,Garfield County,40047,unknown Garfield County,2018,126,247.275,,,,,,,,0,,0,1,3,9/22/2018,Maxar,-97.574699,36.276405,2,True
3088577,40-079065,2018-WTW-13381-OE,,,OK,Garfield County,40047,unknown Garfield County,2018,126,247.275,,,,,,,,0,,0,1,3,9/22/2018,Maxar,-97.592033,36.262871,2,True
3089349,40-079140,2018-WTW-13808-OE,,,OK,Garfield County,40047,unknown Garfield County,2018,126,247.275,,,,,,,,0,,0,1,3,1/15/2019,Maxar,-97.499489,36.248589,2,True
3089616,40-079138,2018-WTW-13806-OE,,,OK,Garfield County,40047,unknown Garfield County,2018,126,247.275,,,,,,,,0,,0,1,3,1/15/2019,Maxar,-97.507256,36.243912,2,True
