turbine_id,farm_name,turbine_type,rated_power_mw,rotor_diameter_m,hub_height_m,latitude,longitude,layout_source
1-001,Amrumbank West,Siemens SWT-3.6-120,3.6,120.0,90.0,54.53883193981383,7.65378096799094,"DeepOWT 1.21.2, Zenodo record 5933967"
1-002,Amrumbank West,Siemens SWT-3.6-120,3.6,120.0,90.0,54.522752096228096,7.70390696084481,"DeepOWT 1.21.2, Zenodo record 5933967"
1-003,Amrumbank West,Siemens SWT-3.6-120,3.6,120.0,90.0,54.51188248129024,7.716303711765659,"DeepOWT 1.21.2, Zenodo record 5933967"
1-004,Amrumbank West,Siemens SWT-3.6-120,3.6,120.0,90.0,54.50658242111393,7.753493964528207,"DeepOWT 1.21.2, Zenodo record 5933967"
1-005,Amrumbank West,Siemens SWT-3.6-120,3.6,120.0,90.0,54.538921771342245,7.765890715449057,"DeepOWT 1.21.2, Zenodo record 5933967"
1-006,Amrumbank West,Siemens SWT-3.6-120,3.6,120.0,90.0,54.51188248129025,7.691420378395549,"DeepOWT 1.21.2, Zenodo record 5933967"
1-007,Amrumbank West,Siemens SWT-3.6-120,3.6,120.0,90.0,54.5280521564044,7.70390696084481,"DeepOWT 1.21.2, Zenodo record 5933967"
1-008,Amrumbank West,Siemens SWT-3.6-120,3.6,120.0,90.0,54.5333522165807,7.70390696084481,"DeepOWT 1.21.2, Zenodo record 5933967"
1-009,Amrumbank West,Siemens SWT-3.6-120,3.6,120.0,90.0,54.506492589585534,7.70390696084481,"DeepOWT 1.21.2, Zenodo record 5933967"
1-010,Amrumbank West,Siemens SWT-3.6-120,3.6,120.0,90.0,54.517182541466546,7.753493964528207,"DeepOWT 1.21.2, Zenodo record 5933967"
1-011,Amrumbank West,Siemens SWT-3.6-120,3.6,120.0,90.0,54.51170281823342,7.666716708082261,"DeepOWT 1.21.2, Zenodo record 5933967"
1-012,Amrumbank West,Siemens SWT-3.6-120,3.6,120.0,90.0,54.52266226469968,7.666626876553849,"DeepOWT 1.21.2, Zenodo record 5933967"
1-013,Amrumbank West,Siemens SWT-3.6-120,3.6,120.0,90.0,54.539101434399065,7.741097213607357,"DeepOWT 1.21.2, Zenodo record 5933967"
1-014,Amrumbank West,Siemens SWT-3.6-120,3.6,120.0,90.0,54.51179264976184,7.765890715449057,"DeepOWT 1.21.2, Zenodo record 5933967"
1-015,Amrumbank West,Siemens SWT-3.6-120,3.6,120.0,90.0,54.511972312818656,7.653870799519352,"DeepOWT 1.21.2, Zenodo record 5933967"
1-016,Amrumbank West,Siemens SWT-3.6-120,3.6,120.0,90.0,54.511972312818656,7.753493964528207,"DeepOWT 1.21.2, Zenodo record 5933967"
1-017,Amrumbank West,Siemens SWT-3.6-120,3.6,120.0,90.0,54.51727237299497,7.728610631158097,"DeepOWT 1.21.2, Zenodo record 5933967"
1-018,Amrumbank West,Siemens SWT-3.6-120,3.6,120.0,90.0,54.5280521564044,7.741097213607358,"DeepOWT 1.21.2, Zenodo record 5933967"
1-019,Amrumbank West,Siemens SWT-3.6-120,3.6,120.0,90.0,54.53344204810911,7.741097213607357,"DeepOWT 1.21.2, Zenodo record 5933967"
1-020,Amrumbank West,Siemens SWT-3.6-120,3.6,120.0,90.0,54.51727237299497,7.666716708082261,"DeepOWT 1.21.2, Zenodo record 5933967"
1-021,Amrumbank West,Siemens SWT-3.6-120,3.6,120.0,90.0,54.52266226469968,7.69151020992396,"DeepOWT 1.21.2, Zenodo record 5933967"
1-022,Amrumbank West,Siemens SWT-3.6-120,3.6,120.0,90.0,54.50631292652871,7.691420378395549,"DeepOWT 1.21.2, Zenodo record 5933967"
1-023,Amrumbank West,Siemens SWT-3.6-120,3.6,120.0,90.0,54.51179264976184,7.679113459003111,"DeepOWT 1.21.2, Zenodo record 5933967"
1-024,Amrumbank West,Siemens SWT-3.6-120,3.6,120.0,90.0,54.522752096228096,7.679023627474699,"DeepOWT 1.21.2, Zenodo record 5933967"
1-025,Amrumbank West,Siemens SWT-3.6-120,3.6,120.0,90.0,54.53901160287066,7.640935059428031,"DeepOWT 1.21.2, Zenodo record 5933967"
1-026,Amrumbank West,Siemens SWT-3.6-120,3.6,120.0,90.0,54.53883193981383,7.716213880237247,"DeepOWT 1.21.2, Zenodo record 5933967"
1-027,Amrumbank West,Siemens SWT-3.6-120,3.6,120.0,90.0,54.51718254146655,7.741097213607358,"DeepOWT 1.21.2, Zenodo record 5933967"
1-028,Amrumbank West,Siemens SWT-3.6-120,3.6,120.0,90.0,54.506492589585534,7.728700462686509,"DeepOWT 1.21.2, Zenodo record 5933967"
1-029,Amrumbank West,Siemens SWT-3.6-120,3.6,120.0,90.0,54.52275209622809,7.741097213607357,"DeepOWT 1.21.2, Zenodo record 5933967"
1-030,Amrumbank West,Siemens SWT-3.6-120,3.6,120.0,90.0,54.506492589585534,7.679023627474699,"DeepOWT 1.21.2, Zenodo record 5933967"
1-031,Amrumbank West,Siemens SWT-3.6-120,3.6,120.0,90.0,54.51718254146655,7.67911345900311,"DeepOWT 1.21.2, Zenodo record 5933967"
1-032,Amrumbank West,Siemens SWT-3.6-120,3.6,120.0,90.0,54.51179264976184,7.741097213607358,"DeepOWT 1.21.2, Zenodo record 5933967"
1-033,Amrumbank West,Siemens SWT-3.6-120,3.6,120.0,90.0,54.533442048109116,7.728700462686508,"DeepOWT 1.21.2, Zenodo record 5933967"
1-034,Amrumbank West,Siemens SWT-3.6-120,3.6,120.0,90.0,54.533442048109116,7.69151020992396,"DeepOWT 1.21.2, Zenodo record 5933967"
1-035,Amrumbank West,Siemens SWT-3.6-120,3.6,120.0,90.0,54.52814198793281,7.653870799519352,"DeepOWT 1.21.2, Zenodo record 5933967"
1-036,Amrumbank West,Siemens SWT-3.6-120,3.6,120.0,90.0,54.53874210828542,7.703817129316398,"DeepOWT 1.21.2, Zenodo record 5933967"
1-037,Amrumbank West,Siemens SWT-3.6-120,3.6,120.0,90.0,54.50640275805712,7.741097213607358,"DeepOWT 1.21.2, Zenodo record 5933967"
1-038,Amrumbank West,Siemens SWT-3.6-120,3.6,120.0,90.0,54.511972312818656,7.641024890956443,"DeepOWT 1.21.2, Zenodo record 5933967"
1-039,Amrumbank West,Siemens SWT-3.6-120,3.6,120.0,90.0,54.533442048109116,7.753404132999795,"DeepOWT 1.21.2, Zenodo record 5933967"
1-040,Amrumbank West,Siemens SWT-3.6-120,3.6,120.0,90.0,54.51718254146655,7.641024890956444,"DeepOWT 1.21.2, Zenodo record 5933967"
1-041,Amrumbank West,Siemens SWT-3.6-120,3.6,120.0,90.0,54.50640275805712,7.66662687655385,"DeepOWT 1.21.2, Zenodo record 5933967"
1-042,Amrumbank West,Siemens SWT-3.6-120,3.6,120.0,90.0,54.53883193981383,7.691510209923961,"DeepOWT 1.21.2, Zenodo record 5933967"
1-043,Amrumbank West,Siemens SWT-3.6-120,3.6,120.0,90.0,54.52814198793281,7.66662687655385,"DeepOWT 1.21.2, Zenodo record 5933967"
1-044,Amrumbank West,Siemens SWT-3.6-120,3.6,120.0,90.0,54.51718254146655,7.691420378395549,"DeepOWT 1.21.2, Zenodo record 5933967"
1-045,Amrumbank West,Siemens SWT-3.6-120,3.6,120.0,90.0,54.5280521564044,7.778287466369907,"DeepOWT 1.21.2, Zenodo record 5933967"
1-046,Amrumbank West,Siemens SWT-3.6-120,3.6,120.0,90.0,54.511972312818656,7.728700462686508,"DeepOWT 1.21.2, Zenodo record 5933967"
1-047,Amrumbank West,Siemens SWT-3.6-120,3.6,120.0,90.0,54.5333522165807,7.716213880237247,"DeepOWT 1.21.2, Zenodo record 5933967"
1-048,Amrumbank West,Siemens SWT-3.6-120,3.6,120.0,90.0,54.52266226469968,7.753493964528207,"DeepOWT 1.21.2, Zenodo record 5933967"
1-049,Amrumbank West,Siemens SWT-3.6-120,3.6,120.0,90.0,54.5280521564044,7.679023627474699,"DeepOWT 1.21.2, Zenodo record 5933967"
1-050,Amrumbank West,Siemens SWT-3.6-120,3.6,120.0,90.0,54.528231819461226,7.728700462686508,"DeepOWT 1.21.2, Zenodo record 5933967"
1-051,Amrumbank West,Siemens SWT-3.6-120,3.6,120.0,90.0,54.538921771342245,7.728610631158096,"DeepOWT 1.21.2, Zenodo record 5933967"
1-052,Amrumbank West,Siemens SWT-3.6-120,3.6,120.0,90.0,54.51197231281866,7.70390696084481,"DeepOWT 1.21.2, Zenodo record 5933967"
1-053,Amrumbank West,Siemens SWT-3.6-120,3.6,120.0,90.0,54.52814198793281,7.71630371176566,"DeepOWT 1.21.2, Zenodo record 5933967"
1-054,Amrumbank West,Siemens SWT-3.6-120,3.6,120.0,90.0,54.53353187963753,7.679023627474699,"DeepOWT 1.21.2, Zenodo record 5933967"
1-055,Amrumbank West,Siemens SWT-3.6-120,3.6,120.0,90.0,54.538921771342245,7.753493964528207,"DeepOWT 1.21.2, Zenodo record 5933967"
1-056,Amrumbank West,Siemens SWT-3.6-120,3.6,120.0,90.0,54.52266226469968,7.71630371176566,"DeepOWT 1.21.2, Zenodo record 5933967"
1-057,Amrumbank West,Siemens SWT-3.6-120,3.6,120.0,90.0,54.53901160287066,7.666626876553849,"DeepOWT 1.21.2, Zenodo record 5933967"
1-058,Amrumbank West,Siemens SWT-3.6-120,3.6,120.0,90.0,54.51727237299497,7.71630371176566,"DeepOWT 1.21.2, Zenodo record 5933967"
1-059,Amrumbank West,Siemens SWT-3.6-120,3.6,120.0,90.0,54.50640275805712,7.71630371176566,"DeepOWT 1.21.2, Zenodo record 5933967"
1-060,Amrumbank West,Siemens SWT-3.6-120,3.6,120.0,90.0,54.527962324875986,7.691510209923961,"DeepOWT 1.21.2, Zenodo record 5933967"
1-061,Amrumbank West,Siemens SWT-3.6-120,3.6,120.0,90.0,54.533442048109116,7.765890715449057,"DeepOWT 1.21.2, Zenodo record 5933967"
1-062,Amrumbank West,Siemens SWT-3.6-120,3.6,120.0,90.0,54.51727237299497,7.765890715449057,"DeepOWT 1.21.2, Zenodo record 5933967"
1-063,Amrumbank West,Siemens SWT-3.6-120,3.6,120.0,90.0,54.52266226469968,7.728700462686509,"DeepOWT 1.21.2, Zenodo record 5933967"
1-064,Amrumbank West,Siemens SWT-3.6-120,3.6,120.0,90.0,54.50631292652871,7.653870799519352,"DeepOWT 1.21.2, Zenodo record 5933967"
1-065,Amrumbank West,Siemens SWT-3.6-120,3.6,120.0,90.0,54.506492589585534,7.765890715449057,"DeepOWT 1.21.2, Zenodo record 5933967"
1-066,Amrumbank West,Siemens SWT-3.6-120,3.6,120.0,90.0,54.53883193981383,7.679113459003111,"DeepOWT 1.21.2, Zenodo record 5933967"
1-067,Amrumbank West,Siemens SWT-3.6-120,3.6,120.0,90.0,54.5280521564044,7.753493964528207,"DeepOWT 1.21.2, Zenodo record 5933967"
1-068,Amrumbank West,Siemens SWT-3.6-120,3.6,120.0,90.0,54.51718254146655,7.65378096799094,"DeepOWT 1.21.2, Zenodo record 5933967"
1-069,Amrumbank West,Siemens SWT-3.6-120,3.6,120.0,90.0,54.51727237299497,7.70390696084481,"DeepOWT 1.21.2, Zenodo record 5933967"
1-070,Amrumbank West,Siemens SWT-3.6-120,3.6,120.0,90.0,54.52266226469968,7.765890715449057,"DeepOWT 1.21.2, Zenodo record 5933967"
1-071,Amrumbank West,Siemens SWT-3.6-120,3.6,120.0,90.0,54.52257243317127,7.641024890956443,"DeepOWT 1.21.2, Zenodo record 5933967"
1-072,Amrumbank West,Siemens SWT-3.6-120,3.6,120.0,90.0,54.53353187963753,7.653870799519352,"DeepOWT 1.21.2, Zenodo record 5933967"
1-073,Amrumbank West,Siemens SWT-3.6-120,3.6,120.0,90.0,54.5280521564044,7.765890715449057,"DeepOWT 1.21.2, Zenodo record 5933967"
1-074,Amrumbank West,Siemens SWT-3.6-120,3.6,120.0,90.0,54.50658242111395,7.641024890956444,"DeepOWT 1.21.2, Zenodo record 5933967"
1-075,Amrumbank West,Siemens SWT-3.6-120,3.6,120.0,90.0,54.53353187963753,7.641024890956444,"DeepOWT 1.21.2, Zenodo record 5933967"
1-076,Amrumbank West,Siemens SWT-3.6-120,3.6,120.0,90.0,54.52814198793281,7.641024890956443,"DeepOWT 1.21.2, Zenodo record 5933967"
1-077,Amrumbank West,Siemens SWT-3.6-120,3.6,120.0,90.0,54.522752096228096,7.653870799519352,"DeepOWT 1.21.2, Zenodo record 5933967"
1-078,Amrumbank West,Siemens SWT-3.6-120,3.6,120.0,90.0,54.53883193981383,7.778377297898318,"DeepOWT 1.21.2, Zenodo record 5933967"
1-079,Amrumbank West,Siemens SWT-3.6-120,3.6,120.0,90.0,54.5333522165807,7.66662687655385,"DeepOWT 1.21.2, Zenodo record 5933967"
1-080,Amrumbank West,Siemens SWT-3.6-120,3.6,120.0,90.0,54.53353187963752,7.778287466369906,"DeepOWT 1.21.2, Zenodo record 5933967"
2-001,Nordsee Ost,Senvion 6.2M126,6.2,126.0,95.0,54.43884944869133,7.668603170178913,"DeepOWT 1.21.2, Zenodo record 5933967"
2-002,Nordsee Ost,Senvion 6.2M126,6.2,126.0,95.0,54.43929860633339,7.710913820060942,"DeepOWT 1.21.2, Zenodo record 5933967"
2-003,Nordsee Ost,Senvion 6.2M126,6.2,126.0,95.0,54.43381888310026,7.696720438571854,"DeepOWT 1.21.2, Zenodo record 5933967"
2-004,Nordsee Ost,Senvion 6.2M126,6.2,126.0,95.0,54.42824932833872,7.682616888611177,"DeepOWT 1.21.2, Zenodo record 5933967"
2-005,Nordsee Ost,Senvion 6.2M126,6.2,126.0,95.0,54.44962923210076,7.668693001707325,"DeepOWT 1.21.2, Zenodo record 5933967"
2-006,Nordsee Ost,Senvion 6.2M126,6.2,126.0,95.0,54.428069665281896,7.668603170178913,"DeepOWT 1.21.2, Zenodo record 5933967"
2-007,Nordsee Ost,Senvion 6.2M126,6.2,126.0,95.0,54.45007838974283,7.711003651589355,"DeepOWT 1.21.2, Zenodo record 5933967"
2-008,Nordsee Ost,Senvion 6.2M126,6.2,126.0,95.0,54.44953940057235,7.654589451746648,"DeepOWT 1.21.2, Zenodo record 5933967"
2-009,Nordsee Ost,Senvion 6.2M126,6.2,126.0,95.0,54.4438800142824,7.64039607025756,"DeepOWT 1.21.2, Zenodo record 5933967"
2-010,Nordsee Ost,Senvion 6.2M126,6.2,126.0,95.0,54.42294926816241,7.696720438571854,"DeepOWT 1.21.2, Zenodo record 5933967"
2-011,Nordsee Ost,Senvion 6.2M126,6.2,126.0,95.0,54.46543958110127,7.640485901785971,"DeepOWT 1.21.2, Zenodo record 5933967"
2-012,Nordsee Ost,Senvion 6.2M126,6.2,126.0,95.0,54.460678510095434,7.682796551668002,"DeepOWT 1.21.2, Zenodo record 5933967"
2-013,Nordsee Ost,Senvion 6.2M126,6.2,126.0,95.0,54.44980889515759,7.682796551668002,"DeepOWT 1.21.2, Zenodo record 5933967"
2-014,Nordsee Ost,Senvion 6.2M126,6.2,126.0,95.0,54.46103783620908,7.711003651589354,"DeepOWT 1.21.2, Zenodo record 5933967"
2-015,Nordsee Ost,Senvion 6.2M126,6.2,126.0,95.0,54.41746954492928,7.682616888611177,"DeepOWT 1.21.2, Zenodo record 5933967"
2-016,Nordsee Ost,Senvion 6.2M126,6.2,126.0,95.0,54.47163795656169,7.69698993315709,"DeepOWT 1.21.2, Zenodo record 5933967"
2-017,Nordsee Ost,Senvion 6.2M126,6.2,126.0,95.0,54.47199728267534,7.739210751510706,"DeepOWT 1.21.2, Zenodo record 5933967"
2-018,Nordsee Ost,Senvion 6.2M126,6.2,126.0,95.0,54.4386697856345,7.654499620218236,"DeepOWT 1.21.2, Zenodo record 5933967"
2-019,Nordsee Ost,Senvion 6.2M126,6.2,126.0,95.0,54.449988558214415,7.696900101628677,"DeepOWT 1.21.2, Zenodo record 5933967"
2-020,Nordsee Ost,Senvion 6.2M126,6.2,126.0,95.0,54.46031918398179,7.668693001707324,"DeepOWT 1.21.2, Zenodo record 5933967"
2-021,Nordsee Ost,Senvion 6.2M126,6.2,126.0,95.0,54.449269905987116,7.640485901785971,"DeepOWT 1.21.2, Zenodo record 5933967"
2-022,Nordsee Ost,Senvion 6.2M126,6.2,126.0,95.0,54.43319006240138,7.64039607025756,"DeepOWT 1.21.2, Zenodo record 5933967"
2-023,Nordsee Ost,Senvion 6.2M126,6.2,126.0,95.0,54.460229352453375,7.65467928327506,"DeepOWT 1.21.2, Zenodo record 5933967"
2-024,Nordsee Ost,Senvion 6.2M126,6.2,126.0,95.0,54.428518822923955,7.71082398853253,"DeepOWT 1.21.2, Zenodo record 5933967"
2-025,Nordsee Ost,Senvion 6.2M126,6.2,126.0,95.0,54.43004595890696,7.738581930811823,"DeepOWT 1.21.2, Zenodo record 5933967"
2-026,Nordsee Ost,Senvion 6.2M126,6.2,126.0,95.0,54.417020387287224,7.64039607025756,"DeepOWT 1.21.2, Zenodo record 5933967"
2-027,Nordsee Ost,Senvion 6.2M126,6.2,126.0,95.0,54.444957992623344,7.724927538493207,"DeepOWT 1.21.2, Zenodo record 5933967"
2-028,Nordsee Ost,Senvion 6.2M126,6.2,126.0,95.0,54.46112766773749,7.739210751510706,"DeepOWT 1.21.2, Zenodo record 5933967"
2-029,Nordsee Ost,Senvion 6.2M126,6.2,126.0,95.0,54.43849012257768,7.64039607025756,"DeepOWT 1.21.2, Zenodo record 5933967"
2-030,Nordsee Ost,Senvion 6.2M126,6.2,126.0,95.0,54.466427727913796,7.72510720155003,"DeepOWT 1.21.2, Zenodo record 5933967"
2-031,Nordsee Ost,Senvion 6.2M126,6.2,126.0,95.0,54.43381888310026,7.752505817715676,"DeepOWT 1.21.2, Zenodo record 5933967"
2-032,Nordsee Ost,Senvion 6.2M126,6.2,126.0,95.0,54.434178209213904,7.724927538493207,"DeepOWT 1.21.2, Zenodo record 5933967"
2-033,Nordsee Ost,Senvion 6.2M126,6.2,126.0,95.0,54.47100913586281,7.65467928327506,"DeepOWT 1.21.2, Zenodo record 5933967"
2-034,Nordsee Ost,Senvion 6.2M126,6.2,126.0,95.0,54.46076834162385,7.696810270100266,"DeepOWT 1.21.2, Zenodo record 5933967"
2-035,Nordsee Ost,Senvion 6.2M126,6.2,126.0,95.0,54.45555811297595,7.72510720155003,"DeepOWT 1.21.2, Zenodo record 5933967"
2-036,Nordsee Ost,Senvion 6.2M126,6.2,126.0,95.0,54.42789000222507,7.654589451746648,"DeepOWT 1.21.2, Zenodo record 5933967"
2-037,Nordsee Ost,Senvion 6.2M126,6.2,126.0,95.0,54.46004968939655,7.640485901785971,"DeepOWT 1.21.2, Zenodo record 5933967"
2-038,Nordsee Ost,Senvion 6.2M126,6.2,126.0,95.0,54.4242967410886,7.728880125743332,"DeepOWT 1.21.2, Zenodo record 5933967"
2-039,Nordsee Ost,Senvion 6.2M126,6.2,126.0,95.0,54.42941713820807,7.757895709420393,"DeepOWT 1.21.2, Zenodo record 5933967"
2-040,Nordsee Ost,Senvion 6.2M126,6.2,126.0,95.0,54.42780017069666,7.64039607025756,"DeepOWT 1.21.2, Zenodo record 5933967"
2-041,Nordsee Ost,Senvion 6.2M126,6.2,126.0,95.0,54.41728988187246,7.654409788689824,"DeepOWT 1.21.2, Zenodo record 5933967"
2-042,Nordsee Ost,Senvion 6.2M126,6.2,126.0,95.0,54.47172778809011,7.711093483117766,"DeepOWT 1.21.2, Zenodo record 5933967"
2-043,Nordsee Ost,Senvion 6.2M126,6.2,126.0,95.0,54.471188798919634,7.668782833235737,"DeepOWT 1.21.2, Zenodo record 5933967"
2-044,Nordsee Ost,Senvion 6.2M126,6.2,126.0,95.0,54.470919304334394,7.640575733314384,"DeepOWT 1.21.2, Zenodo record 5933967"
2-045,Nordsee Ost,Senvion 6.2M126,6.2,126.0,95.0,54.47145829350487,7.682886383196413,"DeepOWT 1.21.2, Zenodo record 5933967"
2-046,Nordsee Ost,Senvion 6.2M126,6.2,126.0,95.0,54.45465979769183,7.640485901785971,"DeepOWT 1.21.2, Zenodo record 5933967"
2-047,Nordsee Ost,Senvion 6.2M126,6.2,126.0,95.0,54.42232044746353,7.640485901785972,"DeepOWT 1.21.2, Zenodo record 5933967"
2-048,Nordsee Ost,Senvion 6.2M126,6.2,126.0,95.0,54.439029111748155,7.682706720139589,"DeepOWT 1.21.2, Zenodo record 5933967"
3-001,Meerwind Sued/Ost,Siemens SWT-3.6-120,3.6,120.0,90.0,54.39141840168981,7.709386684077939,"DeepOWT 1.21.2, Zenodo record 5933967"
3-002,Meerwind Sued/Ost,Siemens SWT-3.6-120,3.6,120.0,90.0,54.35611461102392,7.641204554013267,"DeepOWT 1.21.2, Zenodo record 5933967"
3-003,Meerwind Sued/Ost,Siemens SWT-3.6-120,3.6,120.0,90.0,54.38135727050768,7.677765986076932,"DeepOWT 1.21.2, Zenodo record 5933967"
3-004,Meerwind Sued/Ost,Siemens SWT-3.6-120,3.6,120.0,90.0,54.376326704916615,7.695911954816146,"DeepOWT 1.21.2, Zenodo record 5933967"
3-005,Meerwind Sued/Ost,Siemens SWT-3.6-120,3.6,120.0,90.0,54.395191325883125,7.690252568526193,"DeepOWT 1.21.2, Zenodo record 5933967"
3-006,Meerwind Sued/Ost,Siemens SWT-3.6-120,3.6,120.0,90.0,54.401749027457186,7.688366106429542,"DeepOWT 1.21.2, Zenodo record 5933967"
3-007,Meerwind Sued/Ost,Siemens SWT-3.6-120,3.6,120.0,90.0,54.378392830070084,7.712710450629181,"DeepOWT 1.21.2, Zenodo record 5933967"
3-008,Meerwind Sued/Ost,Siemens SWT-3.6-120,3.6,120.0,90.0,54.40803723444603,7.686030486690831,"DeepOWT 1.21.2, Zenodo record 5933967"
3-009,Meerwind Sued/Ost,Siemens SWT-3.6-120,3.6,120.0,90.0,54.38647766762716,7.676418513150752,"DeepOWT 1.21.2, Zenodo record 5933967"
3-010,Meerwind Sued/Ost,Siemens SWT-3.6-120,3.6,120.0,90.0,54.39510149435471,7.653241978820469,"DeepOWT 1.21.2, Zenodo record 5933967"
3-011,Meerwind Sued/Ost,Siemens SWT-3.6-120,3.6,120.0,90.0,54.397257451036594,7.674442219525689,"DeepOWT 1.21.2, Zenodo record 5933967"
3-012,Meerwind Sued/Ost,Siemens SWT-3.6-120,3.6,120.0,90.0,54.38432171094527,7.757716046363569,"DeepOWT 1.21.2, Zenodo record 5933967"
3-013,Meerwind Sued/Ost,Siemens SWT-3.6-120,3.6,120.0,90.0,54.38180642814974,7.660967490263896,"DeepOWT 1.21.2, Zenodo record 5933967"
3-014,Meerwind Sued/Ost,Siemens SWT-3.6-120,3.6,120.0,90.0,54.395640483525185,7.726993663646681,"DeepOWT 1.21.2, Zenodo record 5933967"
3-015,Meerwind Sued/Ost,Siemens SWT-3.6-120,3.6,120.0,90.0,54.36662489984812,7.689264421713662,"DeepOWT 1.21.2, Zenodo record 5933967"
3-016,Meerwind Sued/Ost,Siemens SWT-3.6-120,3.6,120.0,90.0,54.38234541732022,7.693755998134259,"DeepOWT 1.21.2, Zenodo record 5933967"
3-017,Meerwind Sued/Ost,Siemens SWT-3.6-120,3.6,120.0,90.0,54.406869424576676,7.70624258058352,"DeepOWT 1.21.2, Zenodo record 5933967"
3-018,Meerwind Sued/Ost,Siemens SWT-3.6-120,3.6,120.0,90.0,54.377494514785965,7.725825853777327,"DeepOWT 1.21.2, Zenodo record 5933967"
3-019,Meerwind Sued/Ost,Siemens SWT-3.6-120,3.6,120.0,90.0,54.40318633191178,7.673723567298394,"DeepOWT 1.21.2, Zenodo record 5933967"
3-020,Meerwind Sued/Ost,Siemens SWT-3.6-120,3.6,120.0,90.0,54.363211301768466,7.679113459003111,"DeepOWT 1.21.2, Zenodo record 5933967"
3-021,Meerwind Sued/Ost,Siemens SWT-3.6-120,3.6,120.0,90.0,54.41225931628139,7.697259427742326,"DeepOWT 1.21.2, Zenodo record 5933967"
3-022,Meerwind Sued/Ost,Siemens SWT-3.6-120,3.6,120.0,90.0,54.3987845870196,7.707949379623347,"DeepOWT 1.21.2, Zenodo record 5933967"
3-023,Meerwind Sued/Ost,Siemens SWT-3.6-120,3.6,120.0,90.0,54.39186755933188,7.660428501093425,"DeepOWT 1.21.2, Zenodo record 5933967"
3-024,Meerwind Sued/Ost,Siemens SWT-3.6-120,3.6,120.0,90.0,54.37003849792777,7.699235721367388,"DeepOWT 1.21.2, Zenodo record 5933967"
3-025,Meerwind Sued/Ost,Siemens SWT-3.6-120,3.6,120.0,90.0,54.39043025487729,7.746217610726839,"DeepOWT 1.21.2, Zenodo record 5933967"
3-026,Meerwind Sued/Ost,Siemens SWT-3.6-120,3.6,120.0,90.0,54.39105907557617,7.765800883920645,"DeepOWT 1.21.2, Zenodo record 5933967"
3-027,Meerwind Sued/Ost,Siemens SWT-3.6-120,3.6,120.0,90.0,54.38665733068399,7.739929403738003,"DeepOWT 1.21.2, Zenodo record 5933967"
3-028,Meerwind Sued/Ost,Siemens SWT-3.6-120,3.6,120.0,90.0,54.37228428613807,7.660787827207074,"DeepOWT 1.21.2, Zenodo record 5933967"
3-029,Meerwind Sued/Ost,Siemens SWT-3.6-120,3.6,120.0,90.0,54.420433985366884,7.762477117369403,"DeepOWT 1.21.2, Zenodo record 5933967"
3-030,Meerwind Sued/Ost,Siemens SWT-3.6-120,3.6,120.0,90.0,54.40192869051401,7.746037947670016,"DeepOWT 1.21.2, Zenodo record 5933967"
3-031,Meerwind Sued/Ost,Siemens SWT-3.6-120,3.6,120.0,90.0,54.40156936440037,7.725736022248914,"DeepOWT 1.21.2, Zenodo record 5933967"
3-032,Meerwind Sued/Ost,Siemens SWT-3.6-120,3.6,120.0,90.0,54.38288440649069,7.726634337533034,"DeepOWT 1.21.2, Zenodo record 5933967"
3-033,Meerwind Sued/Ost,Siemens SWT-3.6-120,3.6,120.0,90.0,54.35871972534787,7.651984337422701,"DeepOWT 1.21.2, Zenodo record 5933967"
3-034,Meerwind Sued/Ost,Siemens SWT-3.6-120,3.6,120.0,90.0,54.399413407718484,7.663752267644667,"DeepOWT 1.21.2, Zenodo record 5933967"
3-035,Meerwind Sued/Ost,Siemens SWT-3.6-120,3.6,120.0,90.0,54.367253720547005,7.660518332621836,"DeepOWT 1.21.2, Zenodo record 5933967"
3-036,Meerwind Sued/Ost,Siemens SWT-3.6-120,3.6,120.0,90.0,54.34713145818273,7.641294385541679,"DeepOWT 1.21.2, Zenodo record 5933967"
3-037,Meerwind Sued/Ost,Siemens SWT-3.6-120,3.6,120.0,90.0,54.384411542473686,7.710823988532531,"DeepOWT 1.21.2, Zenodo record 5933967"
3-038,Meerwind Sued/Ost,Siemens SWT-3.6-120,3.6,120.0,90.0,54.39582014658201,7.745049800857484,"DeepOWT 1.21.2, Zenodo record 5933967"
3-039,Meerwind Sued/Ost,Siemens SWT-3.6-120,3.6,120.0,90.0,54.37219445460966,7.689533916298897,"DeepOWT 1.21.2, Zenodo record 5933967"
3-040,Meerwind Sued/Ost,Siemens SWT-3.6-120,3.6,120.0,90.0,54.39195739086029,7.675340534809809,"DeepOWT 1.21.2, Zenodo record 5933967"
3-041,Meerwind Sued/Ost,Siemens SWT-3.6-120,3.6,120.0,90.0,54.373991085177906,7.712710450629181,"DeepOWT 1.21.2, Zenodo record 5933967"
3-042,Meerwind Sued/Ost,Siemens SWT-3.6-120,3.6,120.0,90.0,54.37713518867232,7.660787827207074,"DeepOWT 1.21.2, Zenodo record 5933967"
3-043,Meerwind Sued/Ost,Siemens SWT-3.6-120,3.6,120.0,90.0,54.40794740291762,7.724478380851147,"DeepOWT 1.21.2, Zenodo record 5933967"
3-044,Meerwind Sued/Ost,Siemens SWT-3.6-120,3.6,120.0,90.0,54.3604265243877,7.641204554013267,"DeepOWT 1.21.2, Zenodo record 5933967"
3-045,Meerwind Sued/Ost,Siemens SWT-3.6-120,3.6,120.0,90.0,54.406330435406204,7.654409788689824,"DeepOWT 1.21.2, Zenodo record 5933967"
3-046,Meerwind Sued/Ost,Siemens SWT-3.6-120,3.6,120.0,90.0,54.41189999016775,7.668513338650501,"DeepOWT 1.21.2, Zenodo record 5933967"
3-047,Meerwind Sued/Ost,Siemens SWT-3.6-120,3.6,120.0,90.0,54.400850712173074,7.764722905579702,"DeepOWT 1.21.2, Zenodo record 5933967"
3-048,Meerwind Sued/Ost,Siemens SWT-3.6-120,3.6,120.0,90.0,54.40579144623573,7.764094084880818,"DeepOWT 1.21.2, Zenodo record 5933967"
3-049,Meerwind Sued/Ost,Siemens SWT-3.6-120,3.6,120.0,90.0,54.351443371546495,7.641294385541679,"DeepOWT 1.21.2, Zenodo record 5933967"
3-050,Meerwind Sued/Ost,Siemens SWT-3.6-120,3.6,120.0,90.0,54.374440242819965,7.64129438554168,"DeepOWT 1.21.2, Zenodo record 5933967"
3-051,Meerwind Sued/Ost,Siemens SWT-3.6-120,3.6,120.0,90.0,54.37578771574614,7.671477779088095,"DeepOWT 1.21.2, Zenodo record 5933967"
3-052,Meerwind Sued/Ost,Siemens SWT-3.6-120,3.6,120.0,90.0,54.356743431722805,7.660428501093425,"DeepOWT 1.21.2, Zenodo record 5933967"
3-053,Meerwind Sued/Ost,Siemens SWT-3.6-120,3.6,120.0,90.0,54.38018946063832,7.737503952470879,"DeepOWT 1.21.2, Zenodo record 5933967"
3-054,Meerwind Sued/Ost,Siemens SWT-3.6-120,3.6,120.0,90.0,54.4153135882474,7.70525443377099,"DeepOWT 1.21.2, Zenodo record 5933967"
3-055,Meerwind Sued/Ost,Siemens SWT-3.6-120,3.6,120.0,90.0,54.39231671697394,7.641294385541679,"DeepOWT 1.21.2, Zenodo record 5933967"
3-056,Meerwind Sued/Ost,Siemens SWT-3.6-120,3.6,120.0,90.0,54.38620817304193,7.766429704619529,"DeepOWT 1.21.2, Zenodo record 5933967"
3-057,Meerwind Sued/Ost,Siemens SWT-3.6-120,3.6,120.0,90.0,54.42528488790113,7.762117791255754,"DeepOWT 1.21.2, Zenodo record 5933967"
3-058,Meerwind Sued/Ost,Siemens SWT-3.6-120,3.6,120.0,90.0,54.37893181924056,7.641204554013267,"DeepOWT 1.21.2, Zenodo record 5933967"
3-059,Meerwind Sued/Ost,Siemens SWT-3.6-120,3.6,120.0,90.0,54.36940967722889,7.641294385541679,"DeepOWT 1.21.2, Zenodo record 5933967"
3-060,Meerwind Sued/Ost,Siemens SWT-3.6-120,3.6,120.0,90.0,54.38791497208175,7.641294385541679,"DeepOWT 1.21.2, Zenodo record 5933967"
3-061,Meerwind Sued/Ost,Siemens SWT-3.6-120,3.6,120.0,90.0,54.38333356413275,7.641294385541679,"DeepOWT 1.21.2, Zenodo record 5933967"
3-062,Meerwind Sued/Ost,Siemens SWT-3.6-120,3.6,120.0,90.0,54.38270474343386,7.74810407282349,"DeepOWT 1.21.2, Zenodo record 5933967"
3-063,Meerwind Sued/Ost,Siemens SWT-3.6-120,3.6,120.0,90.0,54.38764547749652,7.662584457775312,"DeepOWT 1.21.2, Zenodo record 5933967"
3-064,Meerwind Sued/Ost,Siemens SWT-3.6-120,3.6,120.0,90.0,54.418727186327054,7.748283735880315,"DeepOWT 1.21.2, Zenodo record 5933967"
3-065,Meerwind Sued/Ost,Siemens SWT-3.6-120,3.6,120.0,90.0,54.41055251724156,7.763644927238758,"DeepOWT 1.21.2, Zenodo record 5933967"
3-066,Meerwind Sued/Ost,Siemens SWT-3.6-120,3.6,120.0,90.0,54.395820146582004,7.765351726278585,"DeepOWT 1.21.2, Zenodo record 5933967"
3-067,Meerwind Sued/Ost,Siemens SWT-3.6-120,3.6,120.0,90.0,54.40624060387779,7.640306238729147,"DeepOWT 1.21.2, Zenodo record 5933967"
3-068,Meerwind Sued/Ost,Siemens SWT-3.6-120,3.6,120.0,90.0,54.38908278195111,7.727622484345566,"DeepOWT 1.21.2, Zenodo record 5933967"
3-069,Meerwind Sued/Ost,Siemens SWT-3.6-120,3.6,120.0,90.0,54.42501539331589,7.741276876664182,"DeepOWT 1.21.2, Zenodo record 5933967"
3-070,Meerwind Sued/Ost,Siemens SWT-3.6-120,3.6,120.0,90.0,54.419715333139585,7.716303711765659,"DeepOWT 1.21.2, Zenodo record 5933967"
3-071,Meerwind Sued/Ost,Siemens SWT-3.6-120,3.6,120.0,90.0,54.41549325130423,7.763105938068287,"DeepOWT 1.21.2, Zenodo record 5933967"
3-072,Meerwind Sued/Ost,Siemens SWT-3.6-120,3.6,120.0,90.0,54.4153135882474,7.724388549322735,"DeepOWT 1.21.2, Zenodo record 5933967"
3-073,Meerwind Sued/Ost,Siemens SWT-3.6-120,3.6,120.0,90.0,54.35234168683061,7.652523326593173,"DeepOWT 1.21.2, Zenodo record 5933967"
3-074,Meerwind Sued/Ost,Siemens SWT-3.6-120,3.6,120.0,90.0,54.36015702980246,7.671028621446036,"DeepOWT 1.21.2, Zenodo record 5933967"
3-075,Meerwind Sued/Ost,Siemens SWT-3.6-120,3.6,120.0,90.0,54.411540664054094,7.64039607025756,"DeepOWT 1.21.2, Zenodo record 5933967"
3-076,Meerwind Sued/Ost,Siemens SWT-3.6-120,3.6,120.0,90.0,54.4070490876335,7.744870137800659,"DeepOWT 1.21.2, Zenodo record 5933967"
3-077,Meerwind Sued/Ost,Siemens SWT-3.6-120,3.6,120.0,90.0,54.41369662073598,7.742714181118773,"DeepOWT 1.21.2, Zenodo record 5933967"
3-078,Meerwind Sued/Ost,Siemens SWT-3.6-120,3.6,120.0,90.0,54.365097763865116,7.641294385541679,"DeepOWT 1.21.2, Zenodo record 5933967"
3-079,Meerwind Sued/Ost,Siemens SWT-3.6-120,3.6,120.0,90.0,54.36312147024005,7.662135300133253,"DeepOWT 1.21.2, Zenodo record 5933967"
3-080,Meerwind Sued/Ost,Siemens SWT-3.6-120,3.6,120.0,90.0,54.38962177112158,7.688186443372718,"DeepOWT 1.21.2, Zenodo record 5933967"
